-- MySQL dump 10.13  Distrib 5.7.4-m14, for Win64 (x86_64)
--
-- Host: localhost    Database: yuekong_db
-- ------------------------------------------------------
-- Server version	5.7.4-m14-log

/*!40101 SET @OLD_CHARACTER_SET_CLIENT=@@CHARACTER_SET_CLIENT */;
/*!40101 SET @OLD_CHARACTER_SET_RESULTS=@@CHARACTER_SET_RESULTS */;
/*!40101 SET @OLD_COLLATION_CONNECTION=@@COLLATION_CONNECTION */;
/*!40101 SET NAMES utf8 */;
/*!40103 SET @OLD_TIME_ZONE=@@TIME_ZONE */;
/*!40103 SET TIME_ZONE='+00:00' */;
/*!40014 SET @OLD_UNIQUE_CHECKS=@@UNIQUE_CHECKS, UNIQUE_CHECKS=0 */;
/*!40014 SET @OLD_FOREIGN_KEY_CHECKS=@@FOREIGN_KEY_CHECKS, FOREIGN_KEY_CHECKS=0 */;
/*!40101 SET @OLD_SQL_MODE=@@SQL_MODE, SQL_MODE='NO_AUTO_VALUE_ON_ZERO' */;
/*!40111 SET @OLD_SQL_NOTES=@@SQL_NOTES, SQL_NOTES=0 */;

-- -----------------------------------------------------
-- Schema yuekong_db
-- -----------------------------------------------------
CREATE SCHEMA IF NOT EXISTS `yuekong_db` DEFAULT CHARACTER SET utf8 COLLATE utf8_general_ci ;
USE `yuekong_db` ;

--
-- Table structure for table `brand`
--

DROP TABLE IF EXISTS `brand`;
/*!40101 SET @saved_cs_client     = @@character_set_client */;
/*!40101 SET character_set_client = utf8 */;
CREATE TABLE `brand` (
  `id` int(11) NOT NULL AUTO_INCREMENT,
  `name` varchar(64) NOT NULL,
  `category_id` bigint(11) NOT NULL,
  `category_name` varchar(128) DEFAULT NULL,
  `status` tinyint(2) NOT NULL DEFAULT '1',
  `create_time` char(20) NOT NULL,
  PRIMARY KEY (`id`)
) ENGINE=InnoDB AUTO_INCREMENT=32 DEFAULT CHARSET=utf8 COMMENT='brand of famiily equipment';
/*!40101 SET character_set_client = @saved_cs_client */;

--
-- Dumping data for table `brand`
--

LOCK TABLES `brand` WRITE;
/*!40000 ALTER TABLE `brand` DISABLE KEYS */;
INSERT INTO `brand` VALUES (1,'奥克斯',8,'空调',1,'2015-02-02 15:00:00'),(2,'长虹',8,'空调',1,'2015-02-02 15:00:00'),(3,'春兰',8,'空调',1,'2015-02-02 15:00:00'),(4,'格力',8,'空调',1,'2015-02-02 15:00:00'),(5,'海尔',8,'空调',1,'2015-02-02 15:00:00'),(6,'海信',8,'空调',1,'2015-02-02 15:00:00'),(7,'康佳',8,'空调',1,'2015-02-02 15:00:00'),(8,'科龙',8,'空调',1,'2015-02-02 15:00:00'),(9,'美的',8,'空调',1,'2015-02-02 15:00:00'),(10,'TCL',8,'空调',1,'2015-02-02 15:00:00'),(11,'志高',8,'空调',1,'2015-02-02 15:00:00'),(12,'澳柯玛',8,'空调',1,'2015-02-02 15:00:00'),(13,'LG',9,'电视机',1,'2015-02-02 15:00:00'),(14,'TCL',9,'电视机',1,'2015-02-02 15:00:00'),(15,'三星',9,'电视机',1,'2015-02-02 15:00:00'),(16,'东芝',9,'电视机',1,'2015-02-02 15:00:00'),(17,'创维',9,'电视机',1,'2015-02-02 15:00:00'),(18,'夏普',9,'电视机',1,'2015-02-02 15:00:00'),(19,'康佳',9,'电视机',1,'2015-02-02 15:00:00'),(20,'日立',9,'电视机',1,'2015-02-02 15:00:00'),(21,'松下',9,'电视机',1,'2015-02-02 15:00:00'),(22,'海信',9,'电视机',1,'2015-02-02 15:00:00'),(23,'海尔',9,'电视机',1,'2015-02-02 15:00:00'),(24,'索尼',9,'电视机',1,'2015-02-02 15:00:00'),(25,'长虹',9,'电视机',1,'2015-02-02 15:00:00'),(26,'飞利浦',9,'电视机',1,'2015-02-02 15:00:00'),(27,'小米盒子',11,'网络盒子',1,'2015-02-02 15:00:00'),(28,'小米盒子2',11,'网络盒子',1,'2015-02-02 15:00:00'),(29,'天猫魔盒',11,'网络盒子',1,'2015-02-02 15:00:00'),(30,'天猫魔盒2',11,'网络盒子',1,'2015-02-02 15:00:00'),(31,'华为盒子',11,'网络盒子',1,'2015-02-02 15:00:00');
/*!40000 ALTER TABLE `brand` ENABLE KEYS */;
UNLOCK TABLES;

--
-- Table structure for table `category`
--

DROP TABLE IF EXISTS `category`;
/*!40101 SET @saved_cs_client     = @@character_set_client */;
/*!40101 SET character_set_client = utf8 */;
CREATE TABLE `category` (
  `id` int(11) NOT NULL AUTO_INCREMENT,
  `name` varchar(128) NOT NULL,
  `status` tinyint(2) DEFAULT '1',
  `create_time` char(20) NOT NULL,
  PRIMARY KEY (`id`)
) ENGINE=InnoDB AUTO_INCREMENT=12 DEFAULT CHARSET=utf8 COMMENT='category of family equipment';
/*!40101 SET character_set_client = @saved_cs_client */;

--
-- Dumping data for table `category`
--

LOCK TABLES `category` WRITE;
/*!40000 ALTER TABLE `category` DISABLE KEYS */;
INSERT INTO `category` VALUES (8,'空调',1,'2015-02-02 15:00:00'),(9,'电视机',1,'2015-02-02 15:00:00'),(10,'机顶盒',1,'2015-02-02 15:00:00'),(11,'网络盒子',1,'2015-02-02 15:00:00');
/*!40000 ALTER TABLE `category` ENABLE KEYS */;
UNLOCK TABLES;

--
-- Table structure for table `city`
--

DROP TABLE IF EXISTS `city`;
/*!40101 SET @saved_cs_client     = @@character_set_client */;
/*!40101 SET character_set_client = utf8 */;
CREATE TABLE `city` (
  `id` int(11) NOT NULL AUTO_INCREMENT,
  `code` varchar(32) DEFAULT NULL,
  `name` varchar(16) DEFAULT NULL,
  `longitude` double DEFAULT NULL,
  `latitude` double DEFAULT NULL,
  PRIMARY KEY (`id`)
) ENGINE=InnoDB AUTO_INCREMENT=3239 DEFAULT CHARSET=utf8 COMMENT='City';
/*!40101 SET character_set_client = @saved_cs_client */;

--
-- Dumping data for table `city`
--

LOCK TABLES `city` WRITE;
/*!40000 ALTER TABLE `city` DISABLE KEYS */;
INSERT INTO `city` VALUES (1,'110000','北京市',116.3979471,39.9081726),(2,'110100','北京市',116.3979471,39.9081726),(3,'110101','东城区',116.40939470000001,39.9351199),(4,'110102','西城区',116.3638616,39.9351775),(5,'110103','崇文区',116.431818,39.8882042),(6,'110104','宣武区',116.3530469,39.8771968),(7,'110105','朝阳区',116.4977252,39.9527472),(8,'110106','丰台区',116.2682462,39.8307687),(9,'110107','石景山区',116.1843467,39.933779),(10,'110108','海淀区',116.219945,40.0222002),(11,'110109','门头沟区',115.797379,39.9956735),(12,'110111','房山区',115.8388889,39.7161498),(13,'110112','通州区',116.7393494,39.8137941),(14,'110113','顺义区',116.7279768,40.159271),(15,'110114','昌平区',116.1764824,40.2105317),(16,'110115','大兴区',116.4718795,39.6365467),(17,'110116','怀柔区',116.5880084,40.6455941),(18,'110117','平谷区',117.1602738,40.204075),(19,'110228','密云县',117.0934224,40.5088887),(20,'110229','延庆县',116.154896,40.526351),(21,'120000','天津市',117.2523808,39.1038561),(22,'120100','天津市',117.2523808,39.1038561),(23,'120101','和平区',117.1986401,39.119648),(24,'120102','河东区',117.2568977,39.1210713),(25,'120103','河西区',117.2356224,39.0838301),(26,'120104','南开区',117.1532679,39.107128),(27,'120105','河北区',117.2140682,39.1618784),(28,'120106','红桥区',117.1602416,39.1663205),(29,'120107','塘沽区',117.6536715,38.9916125),(30,'120108','汉沽区',117.8944159,39.2302919),(31,'120109','大港区',117.3682308,38.7623659),(32,'120110','东丽区',117.4016726,39.1204804),(33,'120111','西青区',117.1217895,39.0002343),(34,'120112','津南区',117.3934865,38.9608437),(35,'120113','北辰区',117.1766567,39.2567314),(36,'120114','武清区',117.0672548,39.4223536),(37,'120115','宝坻区',117.4242568,39.5961733),(38,'120221','宁河县',117.6742923,39.3865823),(39,'120223','静海县',116.9773901,38.8266031),(40,'120225','蓟县',117.473706,40.0026596),(41,'130000','河北省',114.4897766,38.0451279),(42,'130100','石家庄市',114.4892442,38.0741259),(43,'130102','长安区',108.902683,33.9910854),(44,'130103','桥东区',114.5072579,37.0680193),(45,'130104','桥西区',114.4697714,38.0322139),(46,'130105','新华区',114.4632697,38.0508791),(47,'130107','井陉矿区',114.0532351,37.9543245),(48,'130108','裕华区',114.5314193,38.0064515),(49,'130121','井陉县',114.0532351,37.9543245),(50,'130123','正定县',114.548049,38.1630914),(51,'130124','栾城县',114.6399522,37.9068248),(52,'130125','行唐县',114.4223499,38.5231731),(53,'130126','灵寿县',114.1631949,38.5034954),(54,'130127','高邑县',114.5974553,37.6183702),(55,'130128','深泽县',115.2276027,38.2071794),(56,'130129','赞皇县',114.273026,37.6028593),(57,'130130','无极县',114.9565065,38.1792016),(58,'130131','平山县',113.9016473,38.4629226),(59,'130132','元氏县',114.4134235,37.7992387),(60,'130133','赵县',114.8517823,37.7562451),(61,'130181','辛集市',115.3085518,37.8840669),(62,'130182','藁城市',114.8130083,38.0055808),(63,'130183','晋州市',115.0889003,37.9810353),(64,'130184','新乐市',114.7130692,38.3742818),(65,'130185','鹿泉市',114.3474627,38.0838296),(66,'130200','唐山市',118.1804037,39.630581),(67,'130202','路南区',118.1861758,39.5981243),(68,'130203','路北区',118.1632698,39.6471382),(69,'130204','古冶区',118.4469616,39.7074425),(70,'130205','开平区',118.2712448,39.6904209),(71,'130207','丰南区',118.1607163,39.4285361),(72,'130208','丰润区',118.0663884,39.8052557),(73,'130223','滦县',118.5468042,39.7821573),(74,'130224','滦南县',118.6205971,39.3979001),(75,'130225','乐亭县',119.0066636,39.3612535),(76,'130227','迁西县',118.3624828,40.2017069),(77,'130229','玉田县',117.7334297,39.7686261),(78,'130230','唐海县',118.4100974,39.281633),(79,'130281','遵化市',117.9049194,40.1409671),(80,'130283','迁安市',118.692019,40.0521003),(81,'130300','秦皇岛市',119.6335709,39.9541782),(82,'130302','海港区',119.6125638,39.9341245),(83,'130303','山海关区',119.7768331,39.978378),(84,'130304','北戴河区',119.4838929,39.834056),(85,'130321','青龙满族自治县',119.0931273,40.3465605),(86,'130322','昌黎县',119.0599751,39.6237058),(87,'130323','抚宁县',119.4196486,40.0216087),(88,'130324','卢龙县',118.9732218,39.9274194),(89,'130400','邯郸市',114.4806397,36.6096371),(90,'130402','邯山区',114.4827747,36.5996549),(91,'130403','丛台区',114.4934821,36.6187225),(92,'130404','复兴区',114.4592786,36.6113423),(93,'130406','峰峰矿区',114.2028809,36.4522436),(94,'130421','邯郸县',114.5839691,36.6004818),(95,'130423','临漳县',114.5594859,36.2575282),(96,'130424','成安县',114.6874166,36.3985479),(97,'130425','大名县',115.229609,36.2909154),(98,'130426','涉县',113.7283659,36.6036858),(99,'130427','磁县',114.3613887,36.4084956),(100,'130428','肥乡县',114.8311615,36.5756716),(101,'130429','永年县',114.6212733,36.7516421),(102,'130430','邱县',115.1936138,36.7963043),(103,'130431','鸡泽县',114.8552907,36.8614246),(104,'130432','广平县',115.0061166,36.4836237),(105,'130433','馆陶县',115.2970183,36.6146923),(106,'130434','魏县',114.9341583,36.2343045),(107,'130435','曲周县',115.0388503,36.7696408),(108,'130481','武安市',114.0685773,36.6784094),(109,'130500','邢台市',114.4932461,37.0683018),(110,'130502','桥东区',114.5072579,37.0680193),(111,'130503','桥西区',114.4680333,37.0598434),(112,'130521','邢台县',114.125526,37.1651901),(113,'130522','临城县',114.4988036,37.4445484),(114,'130523','内丘县',114.5121288,37.2867128),(115,'130524','柏乡县',114.6934783,37.4824102),(116,'130525','隆尧县',114.7705221,37.3501598),(117,'130526','任县',114.682889,37.1288961),(118,'130527','南和县',114.6836507,37.0050374),(119,'130528','宁晋县',114.9192989,37.6198828),(120,'130529','巨鹿县',115.037477,37.2211106),(121,'130530','新河县',115.2420866,37.5287532),(122,'130531','广宗县',115.1429093,37.0747135),(123,'130532','平乡县',115.0300741,37.0632166),(124,'130533','威县',115.2666557,36.9757811),(125,'130534','清河县',115.6715512,37.0714864),(126,'130535','临西县',115.5016494,36.8707377),(127,'130581','南宫市',115.3867006,37.3614937),(128,'130582','沙河市',114.5033205,36.854952),(129,'130600','保定市',115.4743874,38.8674883),(130,'130602','新市区',87.5739634,43.8436738),(131,'130603','北市区',115.4971969,38.8827819),(132,'130604','南市区',115.5285788,38.8545142),(133,'130621','满城县',115.2210903,38.9380734),(134,'130622','清苑县',115.4942787,38.7392642),(135,'130623','涞水县',115.4281461,39.6266725),(136,'130624','阜平县',114.1507709,38.8903481),(137,'130625','徐水县',115.5543923,39.0238932),(138,'130626','定兴县',115.7360852,39.2131532),(139,'130627','唐县',114.7692776,38.8844021),(140,'130628','高阳县',115.8026254,38.6472769),(141,'130629','容城县',115.9076178,39.0402446),(142,'130630','涞源县',114.7144318,39.3648535),(143,'130631','望都县',115.1733577,38.6588813),(144,'130632','安新县',115.8813,38.8803765),(145,'130633','易县',115.2449405,39.3174913),(146,'130634','曲阳县',114.6474624,38.7157448),(147,'130635','蠡县',115.6602538,38.5144011),(148,'130636','顺平县',115.0658333,38.9314721),(149,'130637','博野县',115.4994714,38.4507236),(150,'130638','雄县',116.1753666,39.0420112),(151,'130681','涿州市',116.0000145,39.478324),(152,'130682','定州市',114.991565,38.507745),(153,'130683','安国市',115.3362858,38.4018146),(154,'130684','高碑店市',115.9998751,39.2393083),(155,'130700','张家口市',115.1055193,40.4923439),(156,'130702','桥东区',114.8943007,40.7884538),(157,'130703','桥西区',114.8696244,40.8194605),(158,'130705','宣化区',115.1055193,40.4923439),(159,'130706','下花园区',115.2832425,40.4906712),(160,'130721','宣化县',115.1055193,40.4923439),(161,'130722','张北县',114.8187268,41.256283),(162,'130723','康保县',114.5821559,41.7979437),(163,'130724','沽源县',115.4600537,41.5766568),(164,'130725','尚义县',114.1682374,41.1164618),(165,'130726','蔚县',114.6307468,39.879848),(166,'130727','阳原县',114.3628585,40.1481761),(167,'130728','怀安县',114.467175,40.5521894),(168,'130729','万全县',114.5935822,40.845429),(169,'130730','怀来县',115.6249344,40.3319386),(170,'130731','涿鹿县',115.226208,40.0825782),(171,'130732','赤城县',115.9477437,40.9518431),(172,'130733','崇礼县',115.1907599,41.0328888),(173,'130800','承德市',117.8852105,41.0299509),(174,'130802','双桥区',117.9431999,40.9746655),(175,'130803','双滦区',117.8001523,40.9590463),(176,'130804','鹰手营子矿区',117.6594007,40.5463524),(177,'130821','承德县',118.2039213,40.9930263),(178,'130822','兴隆县',117.7286768,40.4483922),(179,'130823','平泉县',118.8045967,41.0250137),(180,'130824','滦平县',117.2734523,40.9604237),(181,'130825','隆化县',117.5274467,41.4921048),(182,'130826','丰宁满族自治县',116.6501498,41.3648119),(183,'130827','宽城满族自治县',118.6906993,40.5107077),(184,'130828','围场满族蒙古族自治县',117.5275326,42.0937881),(185,'130900','沧州市',116.8388379,38.3044528),(186,'130902','新华区',116.8743503,38.3086959),(187,'130903','运河区',116.8474102,38.3110363),(188,'130921','沧县',116.9848466,38.2320282),(189,'130922','青县',116.8306196,38.5754641),(190,'130923','东光县',116.5432477,37.8840923),(191,'130924','海兴县',117.496655,38.1411977),(192,'130925','盐山县',117.2337341,38.0552047),(193,'130926','肃宁县',115.836432,38.4285047),(194,'130927','南皮县',116.709491,38.0417879),(195,'130928','吴桥县',116.4104998,37.6330197),(196,'130929','献县',116.1276126,38.1889166),(197,'130930','孟村回族自治县',117.0980358,38.0627653),(198,'130981','泊头市',116.5818608,38.0751901),(199,'130982','任丘市',116.083298,38.703941),(200,'130983','黄骅市',117.3516119,38.370707),(201,'130984','河间市',116.0951149,38.4431444),(202,'131000','廊坊市',116.7555177,39.3932239),(203,'131002','安次区',116.7030859,39.5205702),(204,'131003','广阳区',116.7117441,39.523111),(205,'131022','固安县',116.2943494,39.3281066),(206,'131023','永清县',116.563611,39.2996267),(207,'131024','香河县',117.0455933,39.7411431),(208,'131025','大城县',116.5780628,38.6746803),(209,'131026','文安县',116.4814281,38.8988153),(210,'131028','大厂回族自治县',116.9510293,39.9076788),(211,'131081','霸州市',116.5993488,39.1041808),(212,'131082','三河市',117.0100486,39.9490296),(213,'131100','衡水市',115.6986845,37.7352989),(214,'131102','桃城区',115.6752956,37.7349935),(215,'131121','枣强县',115.7242084,37.5138194),(216,'131122','武邑县',115.8876514,37.8016547),(217,'131123','武强县',115.9818506,38.0401909),(218,'131124','饶阳县',115.7258284,38.235888),(219,'131125','安平县',115.5192125,38.2345059),(220,'131126','故城县',115.9658861,37.3474561),(221,'131127','景县',116.2706494,37.6923191),(222,'131128','阜城县',116.1444139,37.8688741),(223,'131181','冀州市',115.5793798,37.5510251),(224,'131182','深州市',115.5600142,38.0008212),(225,'140000','山西省',112.5223053,37.8357424),(226,'140100','太原市',112.5223053,37.8357424),(227,'140105','小店区',112.565639,37.7360371),(228,'140106','迎泽区',112.563386,37.8632671),(229,'140107','杏花岭区',112.5622165,37.8844818),(230,'140108','尖草坪区',112.4869752,37.9402292),(231,'140109','万柏林区',112.5156856,37.8594978),(232,'140110','晋源区',112.4776733,37.7153228),(233,'140121','清徐县',112.3968959,37.5584844),(234,'140122','阳曲县',112.668432,38.1364384),(235,'140123','娄烦县',111.7827344,38.0391347),(236,'140181','古交市',112.0436811,37.910414),(237,'140200','大同市',113.2266212,40.0557794),(238,'140202','城区',113.2980001,40.075666),(239,'140203','矿区',113.1772041,40.0368562),(240,'140211','南郊区',113.1496954,40.0054045),(241,'140212','新荣区',113.1400073,40.2558668),(242,'140221','阳高县',113.7539005,40.3662394),(243,'140222','天镇县',114.0908611,40.420382),(244,'140223','广灵县',114.2827249,39.760445),(245,'140224','灵丘县',114.2343485,39.4424074),(246,'140225','浑源县',113.6903751,39.6989818),(247,'140226','左云县',112.7029359,40.0137947),(248,'140227','大同县',113.6124408,40.0402979),(249,'140300','阳泉市',113.5925388,37.8563212),(250,'140302','城区',113.6006927,37.8474092),(251,'140303','矿区',113.5567689,37.8689504),(252,'140311','郊区',113.5853934,37.9413969),(253,'140321','平定县',113.6295426,37.8042996),(254,'140322','盂县',113.4123266,38.0856199),(255,'140400','长治市',113.1234741,36.2008671),(256,'140402','城区',113.1230879,36.2035163),(257,'140411','郊区',113.1265318,36.1991875),(258,'140421','长治县',113.0514085,36.0528549),(259,'140423','襄垣县',113.0513334,36.5350537),(260,'140424','屯留县',112.8934479,36.3182978),(261,'140425','平顺县',113.4361124,36.2000013),(262,'140426','黎城县',113.3871567,36.5023318),(263,'140427','壶关县',113.2070518,36.1154475),(264,'140428','长子县',112.8779018,36.1223375),(265,'140429','武乡县',112.8637934,36.8373599),(266,'140430','沁县',112.6991594,36.7561465),(267,'140431','沁源县',112.3374474,36.5002016),(268,'140481','潞城市',113.2288957,36.33409),(269,'140500','晋城市',112.8517663,35.4908655),(270,'140502','城区',112.8532577,35.501592),(271,'140521','沁水县',112.1866643,35.690276),(272,'140522','阳城县',112.4147379,35.4860259),(273,'140524','陵川县',113.2806838,35.7756862),(274,'140525','泽州县',110.99762,35.019032),(275,'140581','高平市',112.9239392,35.7979925),(276,'140600','朔州市',112.3714364,39.4151262),(277,'140602','朔城区',112.4319041,39.3198236),(278,'140603','平鲁区',112.2883308,39.5121611),(279,'140621','山阴县',112.8165972,39.5262309),(280,'140622','应县',113.191098,39.5542461),(281,'140623','右玉县',112.4669659,39.9890238),(282,'140624','怀仁县',113.0999565,39.8279179),(283,'140700','晋中市',112.7526319,37.6872081),(284,'140702','榆次区',112.7078819,37.6978033),(285,'140721','榆社县',112.9752874,37.0707844),(286,'140722','左权县',113.3793676,37.0826825),(287,'140723','和顺县',113.5700083,37.3289798),(288,'140724','昔阳县',113.7048376,37.6001137),(289,'140725','寿阳县',113.1749725,37.8889442),(290,'140726','太谷县',112.5576782,37.4294273),(291,'140727','祁县',112.4744546,37.3803798),(292,'140728','平遥县',112.206502,37.2006035),(293,'140729','灵石县',111.7786574,36.8477491),(294,'140781','介休市',111.9168341,37.0269508),(295,'140800','运城市',111.0073185,35.0263679),(296,'140802','盐湖区',110.99762,35.019032),(297,'140821','临猗县',110.77461,35.1433801),(298,'140822','万荣县',110.8380067,35.4156002),(299,'140823','闻喜县',111.2246633,35.3565937),(300,'140824','稷山县',110.9833717,35.6040241),(301,'140825','新绛县',111.2246633,35.6162443),(302,'140826','绛县',111.5718806,35.491809),(303,'140827','垣曲县',111.6700494,35.2973777),(304,'140828','夏县',111.2206936,35.141678),(305,'140829','平陆县',111.2173462,34.8368695),(306,'140830','芮城县',110.6943691,34.6935766),(307,'140881','永济市',110.4475522,34.8670511),(308,'140882','河津市',110.7123077,35.5959896),(309,'140900','忻州市',112.7342641,38.4163672),(310,'140902','忻府区',112.7460337,38.4041519),(311,'140921','定襄县',112.9571879,38.4737672),(312,'140922','五台县',113.4321642,38.7989569),(313,'140923','代县',112.9602563,39.0668973),(314,'140924','繁峙县',113.2655668,39.1888094),(315,'140925','宁武县',112.3047674,39.0015517),(316,'140926','静乐县',111.9395471,38.3594431),(317,'140927','神池县',112.2112978,39.0905588),(318,'140928','五寨县',111.8468285,38.9110967),(319,'140929','岢岚县',111.5729105,38.7041831),(320,'140930','河曲县',111.1386073,39.3850814),(321,'140931','保德县',111.0865617,39.0224845),(322,'140932','偏关县',111.5034842,39.4364333),(323,'140981','原平市',112.7109718,38.7308533),(324,'141000','临汾市',111.5188479,36.0877426),(325,'141002','尧都区',111.5150714,36.0835635),(326,'141021','曲沃县',111.4758575,35.641089),(327,'141022','翼城县',111.7189515,35.7381612),(328,'141023','襄汾县',111.4417398,35.876324),(329,'141024','洪洞县',111.6749096,36.2537561),(330,'141025','古县',111.919785,36.268497),(331,'141026','安泽县',112.2502327,36.1478297),(332,'141027','浮山县',111.8489099,35.9681078),(333,'141028','吉县',110.6817627,36.0981894),(334,'141029','乡宁县',110.8472013,35.9704783),(335,'141030','大宁县',110.7527769,36.4650577),(336,'141031','隰县',110.9406602,36.6933541),(337,'141032','永和县',110.6317878,36.7598082),(338,'141033','蒲县',111.096518,36.4118199),(339,'141034','汾西县',111.563952,36.6528497),(340,'141081','侯马市',111.3717556,35.6191137),(341,'141082','霍州市',111.7288756,36.5701055),(342,'141100','吕梁市',111.1505914,37.5176999),(343,'141102','离石区',111.1505914,37.5176999),(344,'141121','文水县',112.0272875,37.4372225),(345,'141122','交城县',112.1559262,37.5519607),(346,'141123','兴县',111.1276209,38.4624185),(347,'141124','临县',110.9920943,37.9507544),(348,'141125','柳林县',110.8889687,37.4299726),(349,'141126','石楼县',110.8345091,36.9984913),(350,'141127','岚县',111.6718411,38.2794518),(351,'141128','方山县',111.2441146,37.8946509),(352,'141129','中阳县',111.1795807,37.357119),(353,'141130','交口县',111.1813509,36.9822178),(354,'141181','孝义市',111.77899,37.1464039),(355,'141182','汾阳市',111.7877555,37.2654551),(356,'150000','内蒙古自治区',111.6632996,40.8209419),(357,'150100','呼和浩特市',111.8145561,40.8672334),(358,'150102','新城区',111.6655433,40.8582918),(359,'150103','回民区',111.6240227,40.8082793),(360,'150104','玉泉区',111.6660261,40.8005561),(361,'150105','赛罕区',111.7018604,40.792101),(362,'150121','土默特左旗',111.2985206,40.6753655),(363,'150122','托克托县',111.2948942,40.3379496),(364,'150123','和林格尔县',111.8784249,40.3853242),(365,'150124','清水河县',111.681937,39.9246714),(366,'150125','武川县',111.1985493,41.0830793),(367,'150200','包头市',109.9300361,40.6428669),(368,'150202','东河区',110.0293851,40.5836892),(369,'150203','昆都仑区',109.837532,40.6407991),(370,'150204','青山区',109.8865306,40.6650471),(371,'150205','石拐区',110.2720177,40.6719235),(372,'150206','白云鄂博矿区',109.9761164,41.7748323),(373,'150207','九原区',109.9649584,40.6055469),(374,'150221','土默特右旗',110.6896913,40.5509421),(375,'150222','固阳县',110.0636959,41.0184896),(376,'150223','达尔罕茂明安联合旗',110.4747069,41.975596),(377,'150300','乌海市',106.8226969,39.6905118),(378,'150302','海勃湾区',106.8222141,39.6695551),(379,'150303','海南区',106.8914258,39.4414546),(380,'150304','乌达区',106.7176294,39.5057212),(381,'150400','赤峰市',118.9847445,42.2903817),(382,'150402','红山区',118.9593172,42.2652018),(383,'150403','元宝山区',119.2888212,42.0389747),(384,'150404','松山区',118.9325702,42.2861355),(385,'150421','阿鲁科尔沁旗',120.0656962,43.8723439),(386,'150422','巴林左旗',119.3792868,43.9713683),(387,'150423','巴林右旗',118.6806035,43.5308003),(388,'150424','林西县',118.0619788,43.6189279),(389,'150425','克什克腾旗',117.5458038,43.265136),(390,'150426','翁牛特旗',119.0302455,42.9316205),(391,'150428','喀喇沁旗',118.7019324,41.927362),(392,'150429','宁城县',119.3427444,41.5939503),(393,'150430','敖汉旗',119.9217904,42.2914769),(394,'150500','通辽市',122.1346986,46.0871771),(395,'150502','科尔沁区',122.3937514,43.6421646),(396,'150521','科尔沁左翼中旗',122.437582,44.1138488),(397,'150522','科尔沁左翼后旗',122.6716983,43.306888),(398,'150523','开鲁县',121.3443482,43.7630282),(399,'150524','库伦旗',121.5733337,42.8928345),(400,'150525','奈曼旗',120.8123208,43.0158548),(401,'150526','扎鲁特旗',120.8580959,44.6397349),(402,'150581','霍林郭勒市',119.6080876,45.4972253),(403,'150600','鄂尔多斯市',109.9744213,39.8137117),(404,'150602','东胜区',109.9631453,39.8222984),(405,'150621','达拉特旗',110.1402594,40.2869152),(406,'150622','准格尔旗',111.2400377,39.8641784),(407,'150623','鄂托克前旗',107.8583868,38.4318536),(408,'150624','鄂托克旗',107.9785573,39.0877358),(409,'150625','杭锦旗',108.7362063,39.8333063),(410,'150626','乌审旗',108.8460374,38.590879),(411,'150627','伊金霍洛旗',109.7475493,39.5649495),(412,'150700','呼伦贝尔市',119.7657716,49.2119414),(413,'150702','海拉尔区',119.7305603,49.2115288),(414,'150721','阿荣旗',123.4596133,48.1258251),(415,'150722','莫力达瓦达斡尔族自治旗',124.5048916,48.474415),(416,'150723','鄂伦春自治旗',123.7261927,50.5918603),(417,'150724','鄂温克族自治旗',119.7531545,49.1447098),(418,'150725','陈巴尔虎旗',119.4247448,49.3264646),(419,'150726','新巴尔虎左旗',118.2702041,48.2180749),(420,'150727','新巴尔虎右旗',116.8236673,48.6721179),(421,'150781','满洲里市',117.4803364,49.5876654),(422,'150782','牙克石市',120.7117438,49.2858984),(423,'150783','扎兰屯市',122.7374661,48.0137335),(424,'150784','额尔古纳市',120.1799154,50.2424432),(425,'150785','根河市',121.5200973,50.7803397),(426,'150800','巴彦淖尔市',107.3868191,40.7659084),(427,'150802','临河区',107.3945694,40.7623405),(428,'150821','五原县',108.2698667,41.0953622),(429,'150822','磴口县',106.9978559,40.329534),(430,'150823','乌拉特前旗',108.6554396,40.7282913),(431,'150824','乌拉特中旗',108.526361,41.5682852),(432,'150825','乌拉特后旗',107.0763481,41.0911334),(433,'150826','杭锦后旗',107.1467185,40.8876518),(434,'150900','乌兰察布市',113.1210923,41.0317072),(435,'150902','集宁区',113.1145263,41.0353086),(436,'150921','卓资县',112.5782132,40.8885684),(437,'150922','化德县',114.0104377,41.9045608),(438,'150923','商都县',113.5777545,41.5619918),(439,'150924','兴和县',113.8449991,40.8614321),(440,'150925','凉城县',112.5038195,40.5315782),(441,'150926','察哈尔右翼前旗',113.2121587,40.7857325),(442,'150927','察哈尔右翼中旗',112.6353657,41.2775404),(443,'150928','察哈尔右翼后旗',113.1913126,41.4363564),(444,'150929','四子王旗',111.7066133,41.533463),(445,'150981','丰镇市',113.1701446,40.4409131),(446,'152200','兴安盟',122.1346986,46.0871771),(447,'152201','乌兰浩特市',122.0684586,46.0682259),(448,'152202','阿尔山市',119.9435055,47.177659),(449,'152221','科尔沁右翼前旗',121.9531775,46.079088),(450,'152222','科尔沁右翼中旗',121.4765275,45.0608358),(451,'152223','扎赉特旗',122.9071856,46.7246974),(452,'152224','突泉县',121.566124,45.3789123),(453,'152500','锡林郭勒盟',116.0993743,43.9454883),(454,'152501','二连浩特市',111.9779456,43.6531709),(455,'152502','锡林浩特市',116.0662689,43.9442902),(456,'152522','阿巴嘎旗',114.968791,44.0217368),(457,'152523','苏尼特左旗',113.6507642,43.8568965),(458,'152524','苏尼特右旗',112.6575422,42.7470437),(459,'152525','东乌珠穆沁旗',116.9718862,45.5098958),(460,'152526','西乌珠穆沁旗',117.6089108,44.5878846),(461,'152527','太仆寺旗',115.2829957,41.8772621),(462,'152528','镶黄旗',113.8472843,42.2323703),(463,'152529','正镶白旗',114.997555,42.3086015),(464,'152530','正蓝旗',116.0036194,42.2523698),(465,'152531','多伦县',116.4855587,42.2035909),(466,'152900','阿拉善盟',105.6860733,38.8463676),(467,'152921','阿拉善左旗',105.664787,38.837301),(468,'152922','阿拉善右旗',101.6708815,39.2152729),(469,'152923','额济纳旗',101.0689294,41.9585407),(470,'210000','辽宁省',123.4116821,41.7966156),(471,'210100','沈阳市',123.4164083,41.8275867),(472,'210102','和平区',117.1986401,39.119648),(473,'210103','沈河区',123.4585083,41.7960161),(474,'210104','大东区',123.4699667,41.8053977),(475,'210105','皇姑区',123.4253454,41.8201832),(476,'210106','铁西区',122.9696703,41.1197757),(477,'210111','苏家屯区',123.3437634,41.6650497),(478,'210112','东陵区',123.4644306,41.7699034),(479,'210113','沈北新区',123.5267437,42.0534194),(480,'210114','于洪区',123.3080041,41.7940324),(481,'210122','辽中县',122.7315438,41.5121927),(482,'210123','康平县',123.3535159,42.7499509),(483,'210124','法库县',123.4084046,42.5038859),(484,'210181','新民市',122.8834856,42.0039368),(485,'210200','大连市',121.6164851,38.9144527),(486,'210202','中山区',121.6748607,38.9034576),(487,'210203','西岗区',121.6226113,38.9064131),(488,'210204','沙河口区',121.5653622,38.9069558),(489,'210211','甘井子区',121.5231013,38.9521086),(490,'210212','旅顺口区',121.2873244,38.8474121),(491,'210213','金州区',121.9262052,39.1621113),(492,'210224','长海县',122.5919831,39.2818157),(493,'210281','瓦房店市',121.7532778,39.743288),(494,'210282','普兰店市',122.2347021,39.6504921),(495,'210283','庄河市',123.0054939,39.8404325),(496,'210300','鞍山市',123.0268979,41.0631905),(497,'210302','铁东区',122.9887998,41.1046518),(498,'210303','铁西区',122.9696703,41.1197757),(499,'210304','立山区',123.0292583,41.1499728),(500,'210311','千山区',122.9610658,41.0751051),(501,'210321','台安县',122.4239373,41.2883761),(502,'210323','岫岩满族自治县',123.3195376,40.4161917),(503,'210381','海城市',122.7332819,40.8279527),(504,'210400','抚顺市',123.9538801,41.8769985),(505,'210402','新抚区',123.907907,41.8736113),(506,'210403','东洲区',124.0055609,41.8129149),(507,'210404','望花区',123.7945139,41.8620983),(508,'210411','顺城区',123.9348257,41.9477691),(509,'210421','抚顺县',124.0833771,41.7642138),(510,'210422','新宾满族自治县',124.8642969,41.6096589),(511,'210423','清原满族自治县',124.9143469,42.1432007),(512,'210500','本溪市',123.7990844,41.2927534),(513,'210502','平山区',123.7625742,41.3017167),(514,'210503','溪湖区',123.7675738,41.3288813),(515,'210504','明山区',123.8174629,41.3082772),(516,'210505','南芬区',123.7464595,41.1025983),(517,'210521','本溪满族自治县',124.1748083,41.1934379),(518,'210522','桓仁满族自治县',125.2414477,41.241126),(519,'210600','丹东市',124.3842137,40.1246436),(520,'210602','元宝区',124.3243253,40.1625671),(521,'210603','振兴区',124.3405259,40.0585303),(522,'210604','振安区',124.4288135,40.2057958),(523,'210624','宽甸满族自治县',125.024575,40.6789375),(524,'210681','东港市',123.87115,39.9909966),(525,'210682','凤城市',124.0363097,40.5730225),(526,'210700','锦州市',121.0968018,41.1255059),(527,'210702','古塔区',121.1283231,41.1172539),(528,'210703','凌河区',121.1509395,41.114918),(529,'210711','太和区',121.103797,41.1090575),(530,'210726','黑山县',122.2035348,41.800815),(531,'210727','义县',121.3037288,41.5467614),(532,'210781','凌海市',121.1184464,28.8488922),(533,'210782','北镇市',121.8002379,41.5961808),(534,'210800','营口市',122.2985065,40.600244),(535,'210802','站前区',122.2607732,40.6826965),(536,'210803','西市区',122.2124076,40.6653645),(537,'210804','鲅鱼圈区',122.1288085,40.263211),(538,'210811','老边区',122.3788655,40.6800685),(539,'210881','盖州市',122.4236584,40.2469414),(540,'210882','大石桥市',122.550838,40.6304265),(541,'210900','阜新市',121.6748285,42.0181663),(542,'210902','海州区',121.6566217,42.0136228),(543,'210903','新邱区',121.7924595,42.0875859),(544,'210904','太平区',121.678648,42.0106653),(545,'210905','清河门区',121.4511216,41.7935205),(546,'210911','细河区',121.6801393,42.0253317),(547,'210921','阜新蒙古族自治县',121.7313695,42.1727232),(548,'210922','彰武县',122.5388002,42.3865473),(549,'211000','辽阳市',123.4018064,41.1512896),(550,'211002','白塔区',123.1743228,41.270122),(551,'211003','文圣区',123.185395,41.2628077),(552,'211004','宏伟区',123.196553,41.2175889),(553,'211005','弓长岭区',123.4322977,41.1527276),(554,'211011','太子河区',123.1815004,41.253589),(555,'211021','辽阳县',123.3635688,41.0106776),(556,'211081','灯塔市',123.2832849,41.4173231),(557,'211100','盘锦市',122.0311439,41.1628974),(558,'211102','双台子区',122.0602942,41.1905476),(559,'211103','兴隆台区',122.0754433,41.1240269),(560,'211121','大洼县',122.0688558,40.9162043),(561,'211122','盘山县',122.2823381,41.1554257),(562,'211200','铁岭市',123.8423431,42.2862545),(563,'211202','银州区',123.8573098,42.29508),(564,'211204','清河区',124.1579103,42.5484961),(565,'211221','铁岭县',124.0039515,42.2637488),(566,'211223','西丰县',124.7271073,42.7380376),(567,'211224','昌图县',124.1108537,42.785748),(568,'211281','调兵山市',123.5672557,42.4674831),(569,'211282','开原市',124.0382731,42.5463067),(570,'211300','朝阳市',120.4546273,41.585276),(571,'211302','双塔区',120.4538548,41.5660055),(572,'211303','龙城区',120.4371929,41.5926424),(573,'211321','朝阳县',120.3377581,41.4216194),(574,'211322','建平县',119.6409953,41.3981072),(575,'211324','喀喇沁左翼蒙古族自治县',119.7407413,41.1273243),(576,'211381','北票市',120.7706988,41.801127),(577,'211382','凌源市',119.4014847,41.2444416),(578,'211400','葫芦岛市',120.8363163,40.7110119),(579,'211402','连山区',120.6384015,40.9279996),(580,'211403','龙港区',120.9070301,40.751963),(581,'211404','南票区',120.6503212,41.0708184),(582,'211421','绥中县',120.0487876,40.304289),(583,'211422','建昌县',119.7591841,40.7586841),(584,'211481','兴城市',120.4709458,40.5508932),(585,'220000','吉林省',125.3154297,43.8925629),(586,'220100','长春市',125.3247893,43.8868593),(587,'220102','南关区',125.414139,43.7108042),(588,'220103','宽城区',125.3383505,43.9917262),(589,'220104','朝阳区',125.32745,43.6711543),(590,'220105','二道区',125.5892122,43.8595964),(591,'220106','绿园区',125.1906466,43.8865964),(592,'220112','双阳区',125.728569,43.5334371),(593,'220122','农安县',125.1552951,44.4221263),(594,'220181','九台市',125.9623933,44.1898897),(595,'220182','榆树市',126.5594316,44.8812427),(596,'220183','德惠市',125.8296776,44.4652506),(597,'220200','吉林市',126.4687943,43.8735427),(598,'220202','昌邑区',126.5747094,43.8818176),(599,'220203','龙潭区',126.5620065,43.9106316),(600,'220204','船营区',126.5409672,43.8334433),(601,'220211','丰满区',126.5623069,43.8215313),(602,'220221','永吉县',126.2328887,43.6019156),(603,'220281','蛟河市',127.383846,43.6837558),(604,'220282','桦甸市',127.0076072,43.1203133),(605,'220283','舒兰市',127.0880198,44.3039039),(606,'220284','磐石市',126.1361468,43.1058709),(607,'220300','四平市',124.4146514,43.0968622),(608,'220302','铁西区',124.344978,43.150346),(609,'220303','铁东区',124.4097698,43.1624228),(610,'220322','梨树县',124.3266535,43.2985727),(611,'220323','伊通满族自治县',125.3047585,43.3515448),(612,'220381','公主岭市',124.985286,43.6574247),(613,'220382','双辽市',123.7038016,43.7342824),(614,'220400','辽源市',125.1461112,42.9042229),(615,'220402','龙山区',125.1364124,42.8971418),(616,'220403','西安区',125.1485896,42.9275906),(617,'220421','东丰县',125.531534,42.6751868),(618,'220422','东辽县',124.9921095,42.9282033),(619,'220500','通化市',125.9941506,41.7508802),(620,'220502','东昌区',125.9550977,41.7284965),(621,'220503','二道江区',126.042484,41.7740242),(622,'220521','通化县',125.7593608,41.6793146),(623,'220523','辉南县',126.0467863,42.6849198),(624,'220524','柳河县',125.7447374,42.2846036),(625,'220581','梅河口市',125.6838298,42.530338),(626,'220582','集安市',126.1840725,41.1304032),(627,'220600','白山市',126.423583,41.9399965),(628,'220602','八道江区',126.4184117,41.938536),(629,'220605','江源区',126.591146,42.0567731),(630,'220621','抚松县',127.2807312,42.3419326),(631,'220622','靖宇县',126.8135977,42.3887978),(632,'220623','长白朝鲜族自治县',128.2008147,41.4200505),(633,'220681','临江市',126.9181395,41.8120033),(634,'220700','松原市',124.8251152,45.1417912),(635,'220702','宁江区',124.8170149,45.1718798),(636,'220721','前郭尔罗斯蒙古族自治县',124.8235595,45.1171684),(637,'220722','长岭县',123.9822793,44.2771783),(638,'220723','乾安县',124.0280163,45.0048497),(639,'220724','扶余县',126.0497153,44.9884545),(640,'220800','白城市',122.8510523,45.6216692),(641,'220802','洮北区',122.8510523,45.6216692),(642,'220821','镇赉县',123.1998897,45.8474336),(643,'220822','通榆县',123.0884385,44.8130111),(644,'220881','洮南市',122.7867329,45.3359628),(645,'220882','大安市',124.272548,45.5060085),(646,'222400','延边朝鲜族自治州',129.4976521,42.894155),(647,'222401','延吉市',129.3687987,43.1279169),(648,'222402','图们市',129.8552549,42.9870539),(649,'222403','敦化市',128.3468664,43.6226094),(650,'222404','珲春市',130.377202,42.7981088),(651,'222405','龙井市',129.3764591,42.8768525),(652,'222406','和龙市',128.9693642,42.6044471),(653,'222424','汪清县',129.881798,43.5804453),(654,'222426','安图县',128.5144937,42.7865039),(655,'230000','黑龙江省',126.6433411,45.7414932),(656,'230100','哈尔滨市',126.7237866,45.9734191),(657,'230102','道里区',126.6170561,45.7558615),(658,'230103','南岗区',126.6690481,45.7614755),(659,'230104','道外区',126.6493821,45.7921029),(660,'230108','平房区',126.6376984,45.5969091),(661,'230109','松北区',126.5419436,45.8097175),(662,'230110','香坊区',126.6791975,45.7228623),(663,'230111','呼兰区',126.5875411,45.8877305),(664,'230112','阿城区',126.9753027,45.5414426),(665,'230123','依兰县',129.721992,46.2479531),(666,'230124','方正县',128.8954854,45.8569464),(667,'230125','宾县',127.6264465,45.7755529),(668,'230126','巴彦县',127.1975827,46.247226),(669,'230127','木兰县',128.0691934,46.0799438),(670,'230128','通河县',129.1272497,46.2077549),(671,'230129','延寿县',128.5061467,45.463547),(672,'230182','双城市',126.1988032,45.4202176),(673,'230183','尚志市',128.2252657,45.0431982),(674,'230184','五常市',127.4094987,44.7518383),(675,'230200','齐齐哈尔市',123.9433444,47.4318033),(676,'230202','龙沙区',123.9575601,47.3173776),(677,'230203','建华区',123.9555001,47.3542412),(678,'230204','铁锋区',123.9782345,47.3406912),(679,'230205','昂昂溪区',123.9433444,47.4318033),(680,'230206','富拉尔基区',123.6296868,47.2094966),(681,'230207','碾子山区',122.887702,47.5168891),(682,'230208','梅里斯达斡尔族区',123.7520385,47.3090924),(683,'230221','龙江县',123.0546212,47.1988692),(684,'230223','依安县',125.258646,47.6999857),(685,'230224','泰来县',123.510865,46.6777763),(686,'230225','甘南县',123.7438309,47.9637281),(687,'230227','富裕县',124.5183456,47.6704594),(688,'230229','克山县',125.6664062,48.2013802),(689,'230230','克东县',126.3424516,47.9812327),(690,'230231','拜泉县',126.0342658,47.6082752),(691,'230281','讷河市',125.0148976,48.3962927),(692,'230300','鸡西市',130.938642,45.3239173),(693,'230302','鸡冠区',130.9813964,45.3039614),(694,'230303','恒山区',130.9049642,45.210668),(695,'230304','滴道区',130.8436167,45.3487598),(696,'230305','梨树区',130.6971788,45.092035),(697,'230306','城子河区',131.0113943,45.3369659),(698,'230307','麻山区',130.4781818,45.212089),(699,'230321','鸡东县',131.1243045,45.2605246),(700,'230381','虎林市',132.9371345,45.762673),(701,'230382','密山市',131.8778229,45.5464695),(702,'230400','鹤岗市',130.3008235,47.3336749),(703,'230402','向阳区',130.294311,47.3424796),(704,'230403','工农区',130.274688,47.3186941),(705,'230404','南山区',130.2767587,47.3140389),(706,'230405','兴安区',130.2392399,47.2528516),(707,'230406','东山区',130.3170562,47.3385319),(708,'230407','兴山区',130.2927232,47.357759),(709,'230421','萝北县',130.8286285,47.5774956),(710,'230422','绥滨县',131.8598843,47.2913394),(711,'230500','双鸭山市',131.1882269,46.6210885),(712,'230502','尖山区',131.1584115,46.6463502),(713,'230503','岭东区',131.1647201,46.5927187),(714,'230505','四方台区',131.3345361,46.5943259),(715,'230506','宝山区',131.4016128,46.5771823),(716,'230521','集贤县',131.1404836,46.7283746),(717,'230522','友谊县',131.8080533,46.7674405),(718,'230523','宝清县',132.1972311,46.3269648),(719,'230524','饶河县',134.0138698,46.7981646),(720,'230600','大庆市',124.7575128,46.4018304),(721,'230602','萨尔图区',125.0881863,46.5937361),(722,'230603','龙凤区',125.1161027,46.5328345),(723,'230604','让胡路区',124.8769355,46.6565134),(724,'230605','红岗区',124.8895848,46.3940317),(725,'230606','大同区',124.8161352,46.0329344),(726,'230621','肇州县',125.2947807,45.9011787),(727,'230622','肇源县',124.888351,45.6864559),(728,'230623','林甸县',124.8179162,47.1497718),(729,'230624','杜尔伯特蒙古族自治县',124.2356193,46.5041009),(730,'230700','伊春市',128.9185202,47.7753219),(731,'230702','伊春区',128.9075232,47.7280015),(732,'230703','南岔区',129.2834723,47.1380304),(733,'230704','友好区',128.8386226,47.8561431),(734,'230705','西林区',129.3128479,47.4807338),(735,'230706','翠峦区',128.6734951,47.7242992),(736,'230707','新青区',129.5336044,48.2904532),(737,'230708','美溪区',129.1293097,47.6350896),(738,'230709','金山屯区',129.429127,47.4130679),(739,'230710','五营区',129.245342,48.1079112),(740,'230711','乌马河区',128.8030028,47.7294304),(741,'230712','汤旺河区',129.5711124,48.454652),(742,'230713','带岭区',129.0223861,47.0279997),(743,'230714','乌伊岭区',129.4379354,48.5903903),(744,'230715','红星区',129.390986,48.2394233),(745,'230716','上甘岭区',129.0242636,47.9747114),(746,'230722','嘉荫县',130.4030478,48.8889667),(747,'230781','铁力市',128.025012,46.9860639),(748,'230800','佳木斯市',130.2756,46.7704167),(749,'230803','向阳区',130.3651321,46.8077044),(750,'230804','前进区',130.3749704,46.814012),(751,'230805','东风区',130.4036808,46.8225139),(752,'230811','郊区',130.3273237,46.8095549),(753,'230822','桦南县',130.4686975,46.2848078),(754,'230826','桦川县',130.7187009,46.8817844),(755,'230828','汤原县',129.8149574,46.8098046),(756,'230833','抚远县',134.0982413,47.9510467),(757,'230881','同江市',133.2192063,47.8641118),(758,'230882','富锦市',132.4408293,47.2450007),(759,'230900','七台河市',131.0157502,45.7695811),(760,'230902','新兴区',130.9320223,45.8159467),(761,'230903','桃山区',131.0169089,45.7683163),(762,'230904','茄子河区',131.0680747,45.7851902),(763,'230921','勃利县',130.5774987,45.7600758),(764,'231000','牡丹江市',129.7007489,44.5137905),(765,'231002','东安区',129.6267521,44.5813896),(766,'231003','阳明区',129.6357107,44.5961056),(767,'231004','爱民区',129.5901883,44.5963577),(768,'231005','西安区',129.616152,44.5776298),(769,'231024','东宁县',130.8220732,44.1611034),(770,'231025','林口县',129.9646461,45.3170221),(771,'231081','绥芬河市',131.0878909,44.4162948),(772,'231083','海林市',129.0952349,44.9101768),(773,'231084','宁安市',129.2358255,43.9917339),(774,'231085','穆棱市',130.3633404,44.4750353),(775,'231100','黑河市',127.5009406,50.247891),(776,'231102','爱辉区',126.7605543,50.1951782),(777,'231121','嫩江县',125.2175975,49.1751878),(778,'231123','逊克县',128.474915,49.5819965),(779,'231124','孙吴县',127.3365641,49.4253998),(780,'231181','北安市',126.4818621,48.2391375),(781,'231182','五大连池市',126.2060988,48.5167891),(782,'231200','绥化市',126.9800019,46.6366344),(783,'231202','北林区',126.9856453,46.6373563),(784,'231221','望奎县',126.4860785,46.8327174),(785,'231222','兰西县',126.28811,46.2524491),(786,'231223','青冈县',126.1139274,46.6896705),(787,'231224','庆安县',127.507807,46.8801637),(788,'231225','明水县',125.9037602,47.1764557),(789,'231226','绥棱县',127.1148205,47.2360194),(790,'231281','安达市',125.344069,46.418016),(791,'231282','肇东市',125.962168,46.0511354),(792,'231283','海伦市',126.9731462,47.4619722),(793,'232700','大兴安岭地区',124.3973672,51.6736663),(794,'232701','加格达奇区',124.124018,50.4238313),(795,'232702','松岭区',124.3007326,50.7940816),(796,'232703','新林区',124.3950069,51.6737262),(797,'232704','呼中区',123.1809103,52.0818928),(798,'232721','呼玛县',126.6653144,51.7256392),(799,'232722','塔河县',124.716797,52.549636),(800,'232723','漠河县',122.4074231,52.9225621),(801,'310000','上海市',121.4692688,31.2381763),(802,'310100','上海市',121.4692688,31.2381763),(803,'310101','黄浦区',121.4864302,31.2188206),(804,'310103','卢湾区',121.467998,31.210902),(805,'310104','徐汇区',121.435082,31.1644509),(806,'310105','长宁区',121.3812232,31.208764),(807,'310106','静安区',121.4460039,31.2289037),(808,'310107','普陀区',121.3835621,31.2615492),(809,'310108','闸北区',121.4539969,31.2504974),(810,'310109','虹口区',121.486001,31.2577981),(811,'310110','杨浦区',121.5273285,31.2972547),(812,'310112','闵行区',121.4294386,31.1152581),(813,'310113','宝山区',121.4075518,31.3887213),(814,'310114','嘉定区',121.2437975,31.3601052),(815,'310115','浦东新区',121.6485965,31.2494334),(816,'310116','金山区',121.2265456,30.8157062),(817,'310117','松江区',121.1957538,31.0294841),(818,'310118','青浦区',121.0867488,31.1142202),(819,'310119','南汇区',121.7518401,31.0009246),(820,'310120','奉贤区',121.5785909,30.8939115),(821,'310230','崇明县',121.55738,31.643417),(822,'320000','江苏省',118.7727814,32.0476151),(823,'320100','南京市',118.7977409,32.0556449),(824,'320102','玄武区',118.8453662,32.0549175),(825,'320103','白下区',118.8191342,32.0127976),(826,'320104','秦淮区',118.8040388,32.0031266),(827,'320105','建邺区',118.7094319,32.0303719),(828,'320106','鼓楼区',119.2775023,26.0866676),(829,'320107','下关区',118.7671638,32.0968726),(830,'320111','浦口区',118.5674787,32.0472699),(831,'320113','栖霞区',119.0017605,32.1345839),(832,'320114','雨花台区',118.6937249,31.9386428),(833,'320115','江宁区',118.8029873,31.8691572),(834,'320116','六合区',118.8239944,32.3909786),(835,'320124','溧水县',119.0328634,31.5856553),(836,'320125','高淳县',118.9592099,31.3595463),(837,'320200','无锡市',120.31968,31.5260471),(838,'320202','崇安区',120.2994561,31.5799339),(839,'320203','南长区',120.3088546,31.5637272),(840,'320204','北塘区',120.2926862,31.5848419),(841,'320205','锡山区',120.3573382,31.5887444),(842,'320206','惠山区',120.2984476,31.6810314),(843,'320211','滨湖区',120.2945638,31.5218127),(844,'320281','江阴市',120.2957225,31.842493),(845,'320282','宜兴市',119.8233426,31.3750189),(846,'320300','徐州市',118.3506918,34.29166),(847,'320302','鼓楼区',117.1855938,34.2885132),(848,'320303','云龙区',117.2305262,34.2489603),(849,'320304','九里区',117.1361125,34.3021631),(850,'320305','贾汪区',117.4536324,34.4431144),(851,'320311','泉山区',117.1941662,34.2440559),(852,'320321','丰县',116.6145515,34.6732498),(853,'320322','沛县',116.921525,34.7058727),(854,'320323','铜山县',117.5309551,34.3097936),(855,'320324','睢宁县',117.852037,33.9440453),(856,'320381','新沂市',118.3543932,34.36929),(857,'320382','邳州市',117.8877747,34.3912494),(858,'320400','常州市',119.939214,31.7558405),(859,'320402','天宁区',119.9514663,31.7525015),(860,'320404','钟楼区',119.9482799,31.7823108),(861,'320405','戚墅堰区',120.0607932,31.7200086),(862,'320411','新北区',119.9714327,31.8304798),(863,'320412','武进区',119.9422073,31.7012158),(864,'320481','溧阳市',119.3807888,31.4204692),(865,'320482','金坛市',119.5273876,31.7234766),(866,'320500','苏州市',120.4069161,31.2370225),(867,'320502','沧浪区',120.6311274,31.3022692),(868,'320503','平江区',120.6293571,31.3139291),(869,'320504','金阊区',120.6293571,31.3139291),(870,'320505','虎丘区',120.5734599,31.2953019),(871,'320506','吴中区',120.6322968,31.2625855),(872,'320507','相城区',120.6425643,31.3690464),(873,'320581','常熟市',120.8336878,31.6625046),(874,'320582','张家港市',120.6448388,31.8783776),(875,'320583','昆山市',120.9802222,31.3199693),(876,'320584','吴江市',120.6291211,30.9958481),(877,'320585','太仓市',121.1741567,31.5564045),(878,'320600','南通市',120.9084785,31.9542742),(879,'320602','崇川区',120.8568835,32.0099592),(880,'320611','港闸区',120.8181524,32.0312814),(881,'320621','海安县',120.5469167,32.5320614),(882,'320623','如东县',121.0684884,32.4054818),(883,'320681','启东市',121.6972411,31.8622686),(884,'320682','如皋市',120.5900681,32.2431962),(885,'320683','通州市',121.0340273,32.0654558),(886,'320684','海门市',121.3005102,31.9365578),(887,'320700','连云港市',119.5067668,34.6086631),(888,'320703','连云区',119.3727744,34.7528171),(889,'320705','新浦区',119.1763079,34.6053516),(890,'320706','海州区',119.1312361,34.5699947),(891,'320721','赣榆县',119.0380561,34.9018412),(892,'320722','东海县',118.7928808,34.5584384),(893,'320723','灌云县',119.4328237,34.4191773),(894,'320724','灌南县',119.4694841,34.2173649),(895,'320800','淮安市',119.0566492,33.603325),(896,'320802','清河区',119.0078223,33.5995093),(897,'320803','楚州区',119.1411173,33.5029877),(898,'320804','淮阴区',119.0346873,33.6318795),(899,'320811','清浦区',119.0322733,33.5719721),(900,'320826','涟水县',119.260819,33.7809665),(901,'320829','洪泽县',118.8731432,33.294225),(902,'320830','盱眙县',118.5797981,32.8722686),(903,'320831','金湖县',118.5797981,32.8722686),(904,'320900','盐城市',120.1635003,33.3474688),(905,'320902','亭湖区',120.1525033,33.4217529),(906,'320903','盐都区',120.0449896,33.2763144),(907,'320921','响水县',119.8040307,34.2163713),(908,'320922','滨海县',120.0012159,34.0978662),(909,'320923','阜宁县',119.7263432,33.6912633),(910,'320924','射阳县',120.2649629,33.7543526),(911,'320925','建湖县',119.8286211,33.4818092),(912,'320981','东台市',120.5180883,32.79357),(913,'320982','大丰市',120.5613256,33.2444573),(914,'321000','扬州市',119.4132006,32.3944755),(915,'321002','广陵区',119.4845152,32.3920657),(916,'321003','邗江区',119.4984519,32.4396968),(917,'321011','维扬区',119.3898225,32.4251629),(918,'321023','宝应县',119.4315898,33.2141953),(919,'321081','仪征市',119.1916609,32.4145756),(920,'321084','高邮市',119.507314,32.8454499),(921,'321088','江都市',119.6841466,32.5462615),(922,'321100','镇江市',119.4183183,32.0590639),(923,'321102','京口区',119.4694734,32.1980945),(924,'321111','润州区',119.4694734,32.1980945),(925,'321112','丹徒区',119.4338429,32.1318583),(926,'321181','丹阳市',119.6502972,31.9333438),(927,'321182','扬中市',119.8352408,32.1654138),(928,'321183','句容市',119.1741621,31.9222803),(929,'321200','泰州市',119.911834,32.3599442),(930,'321202','海陵区',119.9194193,32.4910402),(931,'321203','高港区',119.8816752,32.3182735),(932,'321281','兴化市',119.9746943,32.944437),(933,'321282','靖江市',120.2898109,32.0363656),(934,'321283','泰兴市',120.1401114,32.1710991),(935,'321284','姜堰市',120.0615764,32.5232869),(936,'321300','宿迁市',118.2752788,33.9624939),(937,'321302','宿城区',118.291415,33.9422029),(938,'321311','宿豫区',118.330543,33.9472138),(939,'321322','沭阳县',118.7687624,34.1145316),(940,'321323','泗阳县',118.7036598,33.7211183),(941,'321324','泗洪县',118.2164204,33.459077),(942,'330000','浙江省',120.1592484,30.265995),(943,'330100','杭州市',120.1729739,30.2739768),(944,'330102','上城区',120.1836276,30.2297974),(945,'330103','下城区',120.1813531,30.3045396),(946,'330104','江干区',120.3006041,30.3096618),(947,'330105','拱墅区',120.1568484,30.3385744),(948,'330106','西湖区',120.0831628,30.2145287),(949,'330108','滨江区',120.1767182,30.1910232),(950,'330109','萧山区',120.2308345,30.1180508),(951,'330110','余杭区',120.0172019,30.3620169),(952,'330122','桐庐县',119.5782745,29.8432962),(953,'330127','淳安县',118.8755679,29.5782252),(954,'330182','建德市',119.3368542,29.4896382),(955,'330183','富阳市',119.8029792,29.9718698),(956,'330185','临安市',119.3662834,30.1960215),(957,'330200','宁波市',121.5439904,29.8683357),(958,'330203','海曙区',121.5317917,29.867396),(959,'330204','江东区',121.5742779,29.856482),(960,'330205','江北区',121.5085852,29.9651407),(961,'330206','北仑区',121.8959069,29.860604),(962,'330211','镇海区',121.6277826,29.9851501),(963,'330212','鄞州区',121.5065467,29.7843992),(964,'330225','象山县',121.7851746,29.3991697),(965,'330226','宁海县',121.4907753,29.3125499),(966,'330281','余姚市',121.1734807,29.96818),(967,'330282','慈溪市',121.3419986,30.1826396),(968,'330283','奉化市',121.4146328,29.5906809),(969,'330300','温州市',120.6548595,27.9870403),(970,'330302','鹿城区',120.5964625,28.0644256),(971,'330303','龙湾区',120.8158135,27.8985724),(972,'330304','瓯海区',120.5389667,27.9713594),(973,'330322','洞头县',121.0994303,27.9637029),(974,'330324','永嘉县',120.6844497,28.3082535),(975,'330326','平阳县',120.374912,27.6434564),(976,'330327','苍南县',120.3794825,27.3778648),(977,'330328','文成县',120.0192082,27.7708044),(978,'330329','泰顺县',119.9387312,27.5618042),(979,'330381','瑞安市',120.4757953,27.8279756),(980,'330382','乐清市',121.022805,28.2535863),(981,'330400','嘉兴市',120.758543,30.753924),(982,'330402','南湖区',120.8170474,30.7201727),(983,'330411','秀洲区',120.6755877,30.7780222),(984,'330421','嘉善县',120.8924603,30.8904313),(985,'330424','海盐县',120.8884585,30.4861625),(986,'330481','海宁市',120.5730093,30.4420511),(987,'330482','平湖市',121.108464,30.7172396),(988,'330483','桐乡市',120.4834771,30.6384936),(989,'330500','湖州市',120.1790035,30.784502),(990,'330502','吴兴区',120.1258421,30.8572161),(991,'330503','南浔区',120.2778697,30.7704725),(992,'330521','德清县',120.0685072,30.561993),(993,'330522','长兴县',119.8355198,30.9460988),(994,'330523','安吉县',119.5694339,30.6232519),(995,'330600','绍兴市',120.5861092,29.995762),(996,'330602','越城区',120.6197655,30.0008073),(997,'330621','绍兴县',120.7487476,29.9831522),(998,'330624','新昌县',120.967176,29.3873355),(999,'330681','诸暨市',120.214119,29.6790208),(1000,'330682','上虞市',120.8835125,29.9873804),(1001,'330683','嵊州市',120.7863736,29.5790836),(1002,'330700','金华市',119.63238,29.0313605),(1003,'330702','婺城区',119.6538913,29.1037736),(1004,'330703','金东区',119.6930838,29.0994051),(1005,'330723','武义县',119.7390461,28.7860342),(1006,'330726','浦江县',119.9281418,29.5133468),(1007,'330727','磐安县',120.5413377,29.0713149),(1008,'330781','兰溪市',119.5639729,29.2707987),(1009,'330782','义乌市',120.0484228,29.2912179),(1010,'330783','东阳市',120.404942,29.2284687),(1011,'330784','永康市',120.1194584,28.9298854),(1012,'330800','衢州市',118.9255428,28.977144),(1013,'330802','柯城区',118.8713837,28.9685181),(1014,'330803','衢江区',118.959049,28.9805228),(1015,'330822','常山县',118.511281,28.9013265),(1016,'330824','开化县',118.4159875,29.1379932),(1017,'330825','龙游县',119.1722953,29.028321),(1018,'330881','江山市',118.6270022,28.73724),(1019,'330900','舟山市',122.1062672,30.0275164),(1020,'330902','定海区',122.0970511,30.0740613),(1021,'330903','普陀区',121.3835621,31.2615492),(1022,'330921','岱山县',122.1621859,30.283168),(1023,'330922','嵊泗县',122.104111,30.028678),(1024,'331000','台州市',121.2136173,28.6270212),(1025,'331002','椒江区',121.8875679,28.4837897),(1026,'331003','黄岩区',121.248937,28.676545),(1027,'331004','路桥区',121.3651299,28.5826092),(1028,'331021','玉环县',121.3446379,28.1711451),(1029,'331022','三门县',121.4644897,29.022833),(1030,'331023','天台县',120.9760809,29.1445433),(1031,'331024','仙居县',120.6256342,28.732762),(1032,'331081','温岭市',121.4189994,28.3849255),(1033,'331082','临海市',121.1184464,28.8488922),(1034,'331100','丽水市',119.9164259,28.4518359),(1035,'331102','莲都区',119.912703,28.4458363),(1036,'331121','青田县',120.2894354,28.1398821),(1037,'331122','缙云县',120.0918853,28.6584233),(1038,'331123','遂昌县',119.276247,28.5920395),(1039,'331124','松阳县',119.4820261,28.449138),(1040,'331125','云和县',119.5734036,28.115802),(1041,'331126','庆元县',119.0625072,27.6192276),(1042,'331127','景宁畲族自治县',119.6358669,27.9733493),(1043,'331181','龙泉市',119.1418147,28.0744132),(1044,'340000','安徽省',117.2757034,31.8632545),(1045,'340100','合肥市',117.2591507,31.7956434),(1046,'340102','瑶海区',117.309587,31.8579493),(1047,'340103','庐阳区',117.264601,31.8786418),(1048,'340104','蜀山区',117.2605455,31.8512513),(1049,'340111','包河区',117.2826684,31.8800539),(1050,'340121','长丰县',117.2117937,32.2579226),(1051,'340122','肥东县',117.6032138,31.9207413),(1052,'340123','肥西县',117.0665145,31.7553387),(1053,'340200','芜湖市',118.3732438,31.4067806),(1054,'340202','镜湖区',118.3852494,31.3403876),(1055,'340203','弋江区',118.3729649,31.3115917),(1056,'340207','鸠江区',118.392545,31.3698891),(1057,'340208','三山区',118.2348204,31.2238852),(1058,'340221','芜湖县',118.5068929,31.1772568),(1059,'340222','繁昌县',118.1741917,31.1313677),(1060,'340223','南陵县',118.2392728,30.9204965),(1061,'340300','蚌埠市',117.3585105,32.9468409),(1062,'340302','龙子湖区',117.3937869,32.9430144),(1063,'340303','蚌山区',117.3676193,32.9441939),(1064,'340304','禹会区',117.3531461,32.9333619),(1065,'340311','淮上区',117.360034,32.9642338),(1066,'340321','怀远县',117.0358837,33.0200351),(1067,'340322','五河县',117.7557886,33.1280547),(1068,'340323','固镇县',117.338233,33.2653708),(1069,'340400','淮南市',117.0385337,32.6496737),(1070,'340402','大通区',117.0532858,32.631659),(1071,'340403','田家庵区',117.0174086,32.6471533),(1072,'340404','谢家集区',116.859051,32.5999032),(1073,'340405','八公山区',116.832186,32.6296712),(1074,'340406','潘集区',116.816833,32.7826203),(1075,'340421','凤台县',116.7110467,32.7094465),(1076,'340500','马鞍山市',118.5523188,31.6928176),(1077,'340502','金家庄区',118.4923875,31.7196984),(1078,'340503','花山区',118.5123217,31.7001113),(1079,'340504','雨山区',118.4986961,31.6822),(1080,'340521','当涂县',118.632828,31.4904743),(1081,'340600','淮北市',116.8862915,34.0187497),(1082,'340602','杜集区',116.8281412,33.9914804),(1083,'340603','相山区',116.7946458,33.9597976),(1084,'340604','烈山区',116.8132603,33.8931194),(1085,'340621','濉溪县',116.7663002,33.9154789),(1086,'340700','铜陵市',117.8247857,30.9237823),(1087,'340702','铜官山区',117.8152585,30.9342372),(1088,'340703','狮子山区',117.8503847,30.9502026),(1089,'340711','郊区',117.8086817,30.9197694),(1090,'340721','铜陵县',117.7915478,30.9528249),(1091,'340800','安庆市',117.1100521,30.5982377),(1092,'340802','迎江区',117.0492518,30.5040696),(1093,'340803','大观区',117.0344889,30.5119728),(1094,'340811','宜秀区',117.0535862,30.535734),(1095,'340822','怀宁县',116.7700231,30.5869335),(1096,'340823','枞阳县',117.4078953,30.855153),(1097,'340824','潜山县',116.5068662,30.7631159),(1098,'340825','太湖县',116.1272693,30.4529467),(1099,'340826','宿松县',116.2351906,30.1047975),(1100,'340827','望江县',116.6850829,30.2348771),(1101,'340828','岳西县',116.2024677,30.9188858),(1102,'340881','桐城市',116.9198513,30.9636722),(1103,'341000','黄山市',118.2488108,29.9558362),(1104,'341002','屯溪区',118.3336866,29.7113793),(1105,'341003','黄山区',118.1415653,30.2729391),(1106,'341004','徽州区',118.3367229,29.82794),(1107,'341021','歙县',118.4313726,29.8661586),(1108,'341022','休宁县',118.1824744,29.7862243),(1109,'341023','黟县',117.9382646,29.924812),(1110,'341024','祁门县',117.7173901,29.8540534),(1111,'341100','滁州市',118.3084095,32.3080456),(1112,'341102','琅琊区',118.3053839,32.2952136),(1113,'341103','南谯区',118.3122182,32.318609),(1114,'341122','来安县',118.4360397,32.4521823),(1115,'341124','全椒县',118.2733262,32.0852744),(1116,'341125','定远县',117.6829505,32.5255485),(1117,'341126','凤阳县',117.561146,32.8661159),(1118,'341181','天长市',119.0036809,32.6894394),(1119,'341182','明光市',117.9892695,32.7770908),(1120,'341200','阜阳市',115.8268189,32.9082531),(1121,'341202','颍州区',115.8069384,32.8834705),(1122,'341203','颍东区',115.856688,32.9124774),(1123,'341204','颍泉区',115.8074212,32.9248159),(1124,'341221','临泉县',115.2579439,33.0645806),(1125,'341222','太和县',115.6219304,33.1603763),(1126,'341225','阜南县',115.5857205,32.6350291),(1127,'341226','颍上县',116.2646949,32.6288671),(1128,'341282','界首市',115.374577,33.2571531),(1129,'341300','宿州市',116.9852972,33.6393918),(1130,'341302','埇桥区',116.9773364,33.6402314),(1131,'341321','砀山县',116.3550532,34.4254344),(1132,'341322','萧县',116.9472849,34.1887308),(1133,'341323','灵璧县',117.5578952,33.5420564),(1134,'341324','泗县',117.9106379,33.4829725),(1135,'341400','巢湖市',117.8647184,31.5978557),(1136,'341402','居巢区',117.7003527,31.639535),(1137,'341421','庐江县',117.3078382,31.2598984),(1138,'341422','无为县',117.9191244,31.2256192),(1139,'341423','含山县',118.051486,31.6500661),(1140,'341424','和县',118.2966506,31.7129173),(1141,'341500','六安市',116.4958906,31.7489891),(1142,'341502','金安区',116.5091193,31.7557401),(1143,'341503','裕安区',116.479851,31.737867),(1144,'341521','寿县',116.7871571,32.5734525),(1145,'341522','霍邱县',116.2813032,32.3448536),(1146,'341523','舒城县',116.948669,31.4621912),(1147,'341524','金寨县',115.8796048,31.6783197),(1148,'341525','霍山县',116.3328874,31.392687),(1149,'341600','亳州市',115.779022,33.8762324),(1150,'341602','谯城区',115.779022,33.8762324),(1151,'341621','涡阳县',116.2198055,33.5058684),(1152,'341622','蒙城县',116.5609857,33.2294902),(1153,'341623','利辛县',116.1359431,33.1168194),(1154,'341700','池州市',117.4907863,30.6599258),(1155,'341702','贵池区',117.4855721,30.605847),(1156,'341721','东至县',117.0275366,30.096685),(1157,'341722','石台县',117.4865162,30.2101711),(1158,'341723','青阳县',117.9277933,30.6225133),(1159,'341800','宣城市',118.7588167,30.9407157),(1160,'341802','宣州区',118.7546217,30.9443965),(1161,'341821','郎溪县',119.1798055,31.1263992),(1162,'341822','广德县',119.4172025,30.8937826),(1163,'341823','泾县',118.4064388,30.6905337),(1164,'341824','绩溪县',118.595674,30.0708674),(1165,'341825','旌德县',118.5404849,30.2863457),(1166,'341881','宁国市',118.982985,30.6335733),(1167,'350000','福建省',119.2978134,26.0785904),(1168,'350100','福州市',119.3064058,26.0761062),(1169,'350102','鼓楼区',119.2775023,26.0866676),(1170,'350103','台江区',119.308176,26.0604358),(1171,'350104','仓山区',119.3367577,26.0285295),(1172,'350105','马尾区',119.6050215,26.0589804),(1173,'350111','晋安区',119.3179715,26.2117708),(1174,'350121','闽侯县',119.1496146,26.1916035),(1175,'350122','连江县',119.614774,26.2912604),(1176,'350123','罗源县',119.4821763,26.5123623),(1177,'350124','闽清县',118.7642884,26.2339844),(1178,'350125','永泰县',118.8019896,25.8568002),(1179,'350128','平潭县',119.7812104,25.5267294),(1180,'350181','福清市',119.374094,25.5857819),(1181,'350182','长乐市',119.5613015,25.8730094),(1182,'350200','厦门市',118.0897665,24.4796693),(1183,'350203','思明区',118.1373382,24.4626292),(1184,'350205','海沧区',117.9820812,24.5414335),(1185,'350206','湖里区',118.1388938,24.5205754),(1186,'350211','集美区',118.0386865,24.6439844),(1187,'350212','同安区',118.0836296,24.7559022),(1188,'350213','翔安区',118.2692599,24.6798945),(1189,'350300','莆田市',119.1084695,25.3840067),(1190,'350302','城厢区',118.9946795,25.418567),(1191,'350303','涵江区',119.1163445,25.4587264),(1192,'350304','荔城区',119.01515,25.432617),(1193,'350305','秀屿区',119.1053259,25.3180277),(1194,'350322','仙游县',118.6982846,25.4404553),(1195,'350400','三明市',117.6182127,26.2564825),(1196,'350402','梅列区',117.6291883,26.2657673),(1197,'350403','三元区',117.6080203,26.2341673),(1198,'350421','明溪县',117.202127,26.3558242),(1199,'350423','清流县',116.8164253,26.1778068),(1200,'350424','宁化县',116.6543663,26.2617552),(1201,'350425','大田县',117.847209,25.692788),(1202,'350426','尤溪县',118.1904674,26.1701713),(1203,'350427','沙县',117.7927387,26.3971458),(1204,'350428','将乐县',117.471807,26.7285837),(1205,'350429','泰宁县',117.1757555,26.9001806),(1206,'350430','建宁县',116.8460798,26.8309067),(1207,'350481','永安市',117.3593044,25.9590286),(1208,'350500','泉州市',118.5822952,24.9220332),(1209,'350502','鲤城区',118.5494542,24.9063672),(1210,'350503','丰泽区',118.6209619,24.9191337),(1211,'350504','洛江区',118.6394799,25.1177768),(1212,'350505','泉港区',118.8433063,25.1665425),(1213,'350521','惠安县',118.8339186,24.9857274),(1214,'350524','安溪县',117.9513001,25.1304436),(1215,'350525','永春县',118.1070399,25.3803426),(1216,'350526','德化县',118.2422984,25.657088),(1217,'350527','金门县',118.3803785,24.4546406),(1218,'350581','石狮市',118.6872339,24.7375941),(1219,'350582','晋江市',118.5554194,24.7044785),(1220,'350583','南安市',118.3595431,24.9408005),(1221,'350600','漳州市',117.6549911,24.5915293),(1222,'350602','芗城区',117.6540148,24.5108041),(1223,'350603','龙文区',117.6906431,24.5157533),(1224,'350622','云霄县',117.3310554,23.9874779),(1225,'350623','漳浦县',117.7262735,24.0204484),(1226,'350624','诏安县',117.1494377,23.8817273),(1227,'350625','长泰县',117.7901101,24.728093),(1228,'350626','东山县',117.4283445,23.6713425),(1229,'350627','南靖县',117.31493,24.7092642),(1230,'350628','平和县',117.208693,24.3076693),(1231,'350629','华安县',117.5123835,24.9137626),(1232,'350681','龙海市',117.8245175,24.3965272),(1233,'350700','南平市',118.1823027,26.6404775),(1234,'350702','延平区',118.1781399,26.6351838),(1235,'350721','顺昌县',117.8102589,26.7932946),(1236,'350722','浦城县',118.5412359,27.9172975),(1237,'350723','光泽县',117.3334479,27.5413531),(1238,'350724','松溪县',118.7854671,27.5262359),(1239,'350725','政和县',118.8576722,27.3661268),(1240,'350781','邵武市',117.4926531,27.3406647),(1241,'350782','武夷山市',118.0353069,27.7566588),(1242,'350783','建瓯市',118.3069503,27.0233674),(1243,'350784','建阳市',118.1205153,27.3319059),(1244,'350800','龙岩市',117.0341885,25.1006494),(1245,'350802','新罗区',117.0373213,25.0983273),(1246,'350821','长汀县',116.3576066,25.8336073),(1247,'350822','永定县',116.7320967,24.723961),(1248,'350823','上杭县',116.4201021,25.0495149),(1249,'350824','武平县',116.1003506,25.0955097),(1250,'350825','连城县',116.7634571,25.7078789),(1251,'350881','漳平市',117.4199009,25.2901709),(1252,'350900','宁德市',119.5366788,26.652819),(1253,'350902','蕉城区',119.523804,26.6558),(1254,'350921','霞浦县',120.0182855,26.8081188),(1255,'350922','古田县',118.9726317,26.5801319),(1256,'350923','屏南县',118.961463,26.9174877),(1257,'350924','寿宁县',119.4781637,27.3923451),(1258,'350925','周宁县',119.3096673,27.098827),(1259,'350926','柘荣县',119.9015343,27.2052991),(1260,'350981','福安市',119.6258032,27.0441721),(1261,'350982','福鼎市',120.1932943,27.2041254),(1262,'360000','江西省',115.8999176,28.6759911),(1263,'360100','南昌市',115.8269048,28.7467787),(1264,'360102','东湖区',115.8990133,28.6849123),(1265,'360103','西湖区',115.8772874,28.6568887),(1266,'360104','青云谱区',115.9145486,28.6318522),(1267,'360105','湾里区',115.730989,28.7148668),(1268,'360111','青山湖区',115.9621418,28.6829828),(1269,'360121','南昌县',116.0698271,28.6052367),(1270,'360122','新建县',116.1040413,28.9658148),(1271,'360123','安义县',115.6037235,28.7995549),(1272,'360124','进贤县',116.2931263,28.4623626),(1273,'360200','景德镇市',117.1444917,29.2345544),(1274,'360202','昌江区',117.1836841,29.2734192),(1275,'360203','珠山区',117.2023308,29.3012763),(1276,'360222','浮梁县',117.3731768,29.5347722),(1277,'360281','乐平市',117.2811019,28.981283),(1278,'360300','萍乡市',113.8546765,27.6228684),(1279,'360302','安源区',113.8707268,27.6152064),(1280,'360313','湘东区',113.7330544,27.6400729),(1281,'360321','莲花县',113.9614606,27.1276674),(1282,'360322','上栗县',113.7952173,27.8805648),(1283,'360323','芦溪县',114.0296209,27.6307011),(1284,'360400','九江市',115.9981048,29.6101497),(1285,'360402','庐山区',115.9892213,29.6717778),(1286,'360403','浔阳区',115.9904015,29.7274615),(1287,'360421','九江县',115.7858777,29.5990678),(1288,'360423','武宁县',114.9631047,29.3264881),(1289,'360424','修水县',114.4126296,29.0101014),(1290,'360425','永修县',115.8220339,29.124451),(1291,'360426','德安县',115.6068242,29.3870176),(1292,'360427','星子县',115.9728062,29.3425006),(1293,'360428','都昌县',116.3132966,29.3423416),(1294,'360429','湖口县',116.2744582,29.6791047),(1295,'360430','彭泽县',116.6226733,29.8292895),(1296,'360481','瑞昌市',115.4179752,29.6201858),(1297,'360500','新余市',114.9341154,27.804101),(1298,'360502','渝水区',114.944576,27.8003808),(1299,'360521','分宜县',114.676044,27.8102789),(1300,'360600','鹰潭市',117.0692182,28.2600503),(1301,'360602','月湖区',117.0366776,28.2387951),(1302,'360622','余江县',116.8188715,28.2041765),(1303,'360681','贵溪市',117.2454929,28.2925157),(1304,'360700','赣州市',114.9418294,25.8628246),(1305,'360702','章贡区',114.9418294,25.8628246),(1306,'360721','赣县',115.0116098,25.8606621),(1307,'360722','信丰县',114.9229681,25.3862748),(1308,'360723','大余县',114.3580842,25.3952016),(1309,'360724','上犹县',114.5372236,25.7908014),(1310,'360725','崇义县',114.3082702,25.6818818),(1311,'360726','安远县',115.3939211,25.1369222),(1312,'360727','龙南县',114.7898126,24.9111062),(1313,'360728','定南县',115.0278425,24.7844066),(1314,'360729','全南县',114.5301318,24.7423687),(1315,'360730','宁都县',116.0131466,26.4712549),(1316,'360731','于都县',115.4155076,25.9520637),(1317,'360732','兴国县',115.3631938,26.3379415),(1318,'360733','会昌县',115.7860601,25.6002768),(1319,'360734','寻乌县',115.6501365,24.9547599),(1320,'360735','石城县',116.3434768,26.3265663),(1321,'360781','瑞金市',116.0271263,25.8855582),(1322,'360782','南康市',114.7651148,25.6612368),(1323,'360800','吉安市',114.9929094,27.113038),(1324,'360802','吉州区',114.9759901,27.1066968),(1325,'360803','青原区',115.0174785,27.1057799),(1326,'360821','吉安县',114.9076581,27.0401395),(1327,'360822','吉水县',115.1338649,27.2098982),(1328,'360823','峡江县',115.3165662,27.5828981),(1329,'360824','新干县',115.3975689,27.7557093),(1330,'360825','永丰县',115.4414821,27.3178658),(1331,'360826','泰和县',114.9088597,26.7902299),(1332,'360827','遂川县',114.5142424,26.3249604),(1333,'360828','万安县',114.7862506,26.45826),(1334,'360829','安福县',114.6198893,27.392869),(1335,'360830','永新县',114.2426741,26.9452366),(1336,'360881','井冈山市',114.1008174,26.5871456),(1337,'360900','宜春市',114.3951094,27.7965655),(1338,'360902','袁州区',114.3824708,27.7964991),(1339,'360921','奉新县',115.3848982,28.7008082),(1340,'360922','万载县',114.447552,28.1045502),(1341,'360923','上高县',114.9244916,28.2328307),(1342,'360924','宜丰县',114.7809827,28.3852275),(1343,'360925','靖安县',115.3626251,28.8614754),(1344,'360926','铜鼓县',114.3709803,28.5207497),(1345,'360981','丰城市',115.7711899,28.1593221),(1346,'360982','樟树市',115.5460668,28.0558006),(1347,'360983','高安市',115.3756177,28.4172584),(1348,'361000','抚州市',116.3626063,27.9792712),(1349,'361002','临川区',116.3600636,27.9772815),(1350,'361021','南城县',116.6446567,27.5527491),(1351,'361022','黎川县',116.9118047,27.2950622),(1352,'361023','南丰县',116.5257275,27.2184471),(1353,'361024','崇仁县',116.0611689,27.7646812),(1354,'361025','乐安县',115.8378911,27.4204429),(1355,'361026','宜黄县',116.2221229,27.5461476),(1356,'361027','金溪县',116.7754304,27.9083383),(1357,'361028','资溪县',117.0602596,27.7060994),(1358,'361029','东乡县',116.5904653,28.2361201),(1359,'361030','广昌县',116.3257527,26.8372635),(1360,'361100','上饶市',117.9763734,28.4433176),(1361,'361102','信州区',117.9668248,28.4312134),(1362,'361121','上饶县',117.9078484,28.4489871),(1363,'361122','广丰县',118.1913149,28.4363269),(1364,'361123','玉山县',118.2420516,28.6763093),(1365,'361124','铅山县',117.7094507,28.3152148),(1366,'361125','横峰县',117.5964546,28.4071141),(1367,'361126','弋阳县',117.4495876,28.3780442),(1368,'361127','余干县',116.6956508,28.7023044),(1369,'361128','鄱阳县',116.6744399,28.9967864),(1370,'361129','万年县',117.0701945,28.6940699),(1371,'361130','婺源县',117.862004,29.2479884),(1372,'361181','德兴市',117.5787091,28.9464669),(1373,'370000','山东省',117.0056,36.6670723),(1374,'370100','济南市',116.9974101,36.6510163),(1375,'370102','历下区',117.0768034,36.6666203),(1376,'370103','市中区',116.9974101,36.6510163),(1377,'370104','槐荫区',116.9665861,36.6521439),(1378,'370105','天桥区',116.9874966,36.6780136),(1379,'370112','历城区',117.0651734,36.6805777),(1380,'370113','长清区',116.7538118,36.5533874),(1381,'370124','平阴县',116.456269,36.2894539),(1382,'370125','济阳县',117.2197545,36.9775553),(1383,'370126','商河县',117.2110534,37.3282802),(1384,'370181','章丘市',117.5341094,36.714024),(1385,'370200','青岛市',120.4159606,36.1079328),(1386,'370202','市南区',120.3568554,36.0692817),(1387,'370203','市北区',120.4053819,36.0985795),(1388,'370205','四方区',120.3739893,36.1248074),(1389,'370211','黄岛区',120.2811956,35.977902),(1390,'370212','崂山区',120.5630744,36.1922869),(1391,'370213','李沧区',120.4276013,36.1886849),(1392,'370214','城阳区',120.3490019,36.2863406),(1393,'370281','胶州市',119.9304485,36.2537129),(1394,'370282','即墨市',120.5601346,36.4766361),(1395,'370283','平度市',119.9242365,36.761682),(1396,'370284','胶南市',119.8447573,35.8591526),(1397,'370285','莱西市',120.4365063,36.8618453),(1398,'370300','淄博市',118.0986071,36.6358052),(1399,'370302','淄川区',117.9668462,36.6434499),(1400,'370303','张店区',118.0181408,36.8063984),(1401,'370304','博山区',117.8616822,36.4947767),(1402,'370305','临淄区',118.3089781,36.8273385),(1403,'370306','周村区',117.8697932,36.8031083),(1404,'370321','桓台县',118.0115426,36.9798523),(1405,'370322','高青县',117.8123724,37.1757141),(1406,'370323','沂源县',118.2154012,36.1588056),(1407,'370400','枣庄市',117.3235238,34.8225145),(1408,'370402','市中区',116.9974101,36.6510163),(1409,'370403','薛城区',117.2631955,34.7950831),(1410,'370404','峄城区',117.590822,34.7722343),(1411,'370405','台儿庄区',117.7339017,34.5628738),(1412,'370406','山亭区',117.4613464,35.0995465),(1413,'370481','滕州市',117.1643829,35.084017),(1414,'370500','东营市',118.6760545,37.4350587),(1415,'370502','东营区',118.5870802,37.4083378),(1416,'370503','河口区',118.6277747,37.9618617),(1417,'370521','垦利县',118.7644815,37.681307),(1418,'370522','利津县',118.5093713,37.60971),(1419,'370523','广饶县',118.6134624,37.1449158),(1420,'370600','烟台市',121.4479458,37.4636946),(1421,'370602','芝罘区',121.3619542,37.5251455),(1422,'370611','福山区',121.2109888,37.4458005),(1423,'370612','牟平区',121.5447736,37.2696474),(1424,'370613','莱山区',121.4506924,37.4359276),(1425,'370634','长岛县',120.7439196,37.924134),(1426,'370681','龙口市',120.4860091,37.609421),(1427,'370682','莱阳市',120.7555926,36.8707377),(1428,'370683','莱州市',119.9316287,37.2320112),(1429,'370684','蓬莱市',120.8708847,37.6263836),(1430,'370685','招远市',120.3866494,37.3200044),(1431,'370686','栖霞市',120.9171474,37.3181529),(1432,'370687','海阳市',121.1538899,36.8740593),(1433,'370700','潍坊市',119.1621244,36.7073582),(1434,'370702','潍城区',119.0315008,36.7042015),(1435,'370703','寒亭区',119.2092669,36.9449787),(1436,'370704','坊子区',119.2553473,36.6257575),(1437,'370705','奎文区',119.1582942,36.6965198),(1438,'370724','临朐县',118.5339618,36.3441842),(1439,'370725','昌乐县',118.9537597,36.5470095),(1440,'370781','青州市',118.4782791,36.674391),(1441,'370782','诸城市',119.3648028,36.0344552),(1442,'370783','寿光市',118.8568354,36.996469),(1443,'370784','安丘市',119.1072035,36.3619324),(1444,'370785','高密市',119.7245193,36.41915),(1445,'370786','昌邑市',119.431901,36.7806321),(1446,'370800','济宁市',116.5970957,35.4066461),(1447,'370802','市中区',116.596452,35.4081939),(1448,'370811','任城区',116.5950465,35.4065937),(1449,'370826','微山县',117.1288061,34.8070557),(1450,'370827','鱼台县',116.6469741,34.9967284),(1451,'370828','金乡县',116.3119233,35.066623),(1452,'370829','嘉祥县',116.3424253,35.4075905),(1453,'370830','汶上县',116.4892817,35.7328053),(1454,'370831','泗水县',117.2792029,35.6607483),(1455,'370832','梁山县',116.0956299,35.8025087),(1456,'370881','曲阜市',116.986531,35.5811399),(1457,'370882','兖州市',116.8360054,35.5554997),(1458,'370883','邹城市',116.9735813,35.4043637),(1459,'370900','泰安市',117.0879722,36.2022696),(1460,'370902','泰山区',117.2053993,36.2137486),(1461,'370911','岱岳区',117.3959219,36.1785445),(1462,'370921','宁阳县',116.9576705,35.8208841),(1463,'370923','东平县',116.3563943,35.9754709),(1464,'370982','新泰市',117.6219571,35.8741506),(1465,'370983','肥城市',116.7362702,36.1012929),(1466,'371000','威海市',122.1184981,37.5125003),(1467,'371002','环翠区',122.1367478,37.4162801),(1468,'371081','文登市',122.0232153,37.1445738),(1469,'371082','荣成市',122.4342692,37.1306411),(1470,'371083','乳山市',121.5203977,36.9337794),(1471,'371100','日照市',119.4448936,35.4233292),(1472,'371102','东港区',119.4622314,35.4254712),(1473,'371103','岚山区',119.3188083,35.1218129),(1474,'371121','五莲县',119.2087412,35.750091),(1475,'371122','莒县',118.8371265,35.5798659),(1476,'371200','莱芜市',117.6780689,36.2116971),(1477,'371202','莱城区',117.659862,36.2032046),(1478,'371203','钢城区',117.8113532,36.0585708),(1479,'371300','临沂市',118.3464003,35.0518338),(1480,'371302','兰山区',118.348031,35.068669),(1481,'371311','罗庄区',118.2847953,34.9964207),(1482,'371312','河东区',118.4999621,35.114801),(1483,'371321','沂南县',118.4656835,35.5499482),(1484,'371322','郯城县',118.3672571,34.613555),(1485,'371323','沂水县',118.6279142,35.7904475),(1486,'371324','苍山县',118.0567324,34.8497077),(1487,'371325','费县',117.9731762,35.2645693),(1488,'371326','平邑县',117.640357,35.5059416),(1489,'371327','莒南县',118.8351631,35.1748432),(1490,'371328','蒙阴县',117.945056,35.7100538),(1491,'371329','临沭县',118.6507773,34.919851),(1492,'371400','德州市',116.3026321,37.4515159),(1493,'371402','德城区',116.4096093,37.4306967),(1494,'371421','陵县',116.6701698,37.412096),(1495,'371422','宁津县',116.765914,37.6858751),(1496,'371423','庆云县',117.4567223,37.7830533),(1497,'371424','临邑县',116.8888021,37.2581886),(1498,'371425','齐河县',116.6815317,36.7173437),(1499,'371426','平原县',116.4564514,37.1371245),(1500,'371427','夏津县',116.0182643,37.0227622),(1501,'371428','武城县',116.0777557,37.2145575),(1502,'371481','乐陵市',117.139535,37.6476324),(1503,'371482','禹城市',116.5716684,36.9361549),(1504,'371500','聊城市',115.98508,36.4592938),(1505,'371502','东昌府区',115.9738362,36.44458),(1506,'371521','阳谷县',115.7918215,36.1143901),(1507,'371522','莘县',115.6710041,36.2336208),(1508,'371523','茌平县',116.2553608,36.5808497),(1509,'371524','东阿县',116.2476254,36.334937),(1510,'371525','冠县',115.4427481,36.4840377),(1511,'371526','高唐县',116.2314785,36.8660599),(1512,'371581','临清市',115.726397,36.8389656),(1513,'371600','滨州市',117.9714274,37.3815222),(1514,'371602','滨城区',118.0202544,37.3852562),(1515,'371621','惠民县',117.5106239,37.4897912),(1516,'371622','阳信县',117.5782585,37.641108),(1517,'371623','无棣县',117.6138461,37.7395836),(1518,'371624','沾化县',118.132199,37.6982787),(1519,'371625','博兴县',118.1314802,37.1419568),(1520,'371626','邹平县',117.7431071,36.8629869),(1521,'371700','菏泽市',115.4603541,35.2474854),(1522,'371702','牡丹区',115.417825,35.2525146),(1523,'371721','曹县',115.5423224,34.8252448),(1524,'371722','单县',116.0872722,34.794484),(1525,'371723','成武县',115.8896255,34.9530798),(1526,'371724','巨野县',116.0947716,35.3963005),(1527,'371725','郓城县',115.9436131,35.5997583),(1528,'371726','鄄城县',115.5101895,35.5634073),(1529,'371727','定陶县',115.5730283,35.0713648),(1530,'371728','东明县',115.0901234,35.2892951),(1531,'410000','河南省',113.6500473,34.7570343),(1532,'410100','郑州市',113.6582208,34.7803771),(1533,'410102','中原区',113.5593331,34.7711063),(1534,'410103','二七区',113.6457217,34.7305827),(1535,'410104','管城回族区',113.7489009,34.7222322),(1536,'410105','金水区',113.7268531,34.7731597),(1537,'410106','上街区',113.2990515,34.8111607),(1538,'410108','惠济区',113.620348,34.8287676),(1539,'410122','中牟县',113.9999342,34.7068781),(1540,'410181','巩义市',113.0407763,34.6898187),(1541,'410182','荥阳市',113.3237815,34.7928452),(1542,'410183','新密市',113.4204698,34.4998989),(1543,'410184','新郑市',113.7061572,34.4612331),(1544,'410185','登封市',113.0253911,34.4297618),(1545,'410200','开封市',114.3468297,34.8173178),(1546,'410202','龙亭区',114.3545544,34.8000345),(1547,'410203','顺河回族区',114.3612385,34.7958673),(1548,'410204','鼓楼区',114.3547475,34.7956382),(1549,'410205','禹王台区',114.3485355,34.7773897),(1550,'410211','金明区',114.3725467,34.7925457),(1551,'410221','杞县',114.7701895,34.5087581),(1552,'410222','通许县',114.4759727,34.4198854),(1553,'410223','尉氏县',114.1647613,34.4065998),(1554,'410224','开封县',114.5586598,34.7198953),(1555,'410225','兰考县',114.980464,34.8850333),(1556,'410300','洛阳市',112.442075,34.65155),(1557,'410302','老城区',112.4694872,34.6827433),(1558,'410303','西工区',112.4371076,34.6700027),(1559,'410304','瀍河回族区',112.4927902,34.6853812),(1560,'410305','涧西区',112.3958659,34.6578161),(1561,'410306','吉利区',112.5890493,34.9008909),(1562,'410311','洛龙区',112.4647772,34.620027),(1563,'410322','孟津县',112.5103319,34.8428838),(1564,'410323','新安县',112.1023893,34.8019815),(1565,'410324','栾川县',111.6212118,33.9215776),(1566,'410325','嵩县',112.0375657,33.9638376),(1567,'410326','汝阳县',112.4139762,34.0821039),(1568,'410327','宜阳县',112.100662,34.4901192),(1569,'410328','洛宁县',111.4983022,34.3618686),(1570,'410329','伊川县',112.4836278,34.3862559),(1571,'410381','偃师市',112.7430832,34.6383367),(1572,'410400','平顶山市',113.2643867,33.7420775),(1573,'410402','新华区',114.4632697,38.0508791),(1574,'410403','卫东区',113.3351219,33.7347258),(1575,'410404','石龙区',112.8989732,33.8986764),(1576,'410411','湛河区',113.2925177,33.7362069),(1577,'410421','宝丰县',113.0126667,33.9069757),(1578,'410422','叶县',113.3208525,33.549809),(1579,'410423','鲁山县',112.7473319,33.7784874),(1580,'410425','郏县',113.2100987,33.9923611),(1581,'410481','舞钢市',113.5325003,33.2937408),(1582,'410482','汝州市',112.8193223,34.1425071),(1583,'410500','安阳市',114.2752469,36.0969671),(1584,'410502','文峰区',114.3596184,36.090413),(1585,'410503','北关区',114.3570971,36.1184809),(1586,'410505','殷都区',114.3037856,36.109831),(1587,'410506','龙安区',114.3481386,36.1190443),(1588,'410522','安阳县',114.4521654,36.160001),(1589,'410523','汤阴县',114.4643748,35.8807053),(1590,'410526','滑县',114.6880496,35.4516598),(1591,'410527','内黄县',114.7881818,35.8898671),(1592,'410581','林州市',113.8599765,36.0193315),(1593,'410600','鹤壁市',114.2972732,35.7504828),(1594,'410602','鹤山区',114.1633666,35.954578),(1595,'410603','山城区',114.184438,35.8977329),(1596,'410611','淇滨区',114.2987859,35.7412962),(1597,'410621','浚县',114.550817,35.6762369),(1598,'410622','淇县',114.1976559,35.6077662),(1599,'410700','新乡市',113.8750613,35.346898),(1600,'410702','红旗区',113.8752115,35.304584),(1601,'410703','卫滨区',113.868109,35.3027803),(1602,'410704','凤泉区',113.9158952,35.384003),(1603,'410711','牧野区',113.9089644,35.3149413),(1604,'410721','新乡县',113.8841379,35.2463551),(1605,'410724','获嘉县',113.6453032,35.1932926),(1606,'410725','原阳县',113.9243603,35.0348896),(1607,'410726','延津县',114.1923022,35.3013531),(1608,'410727','封丘县',114.5108843,35.060748),(1609,'410728','长垣县',114.7450304,35.1829547),(1610,'410781','卫辉市',114.099133,35.5122559),(1611,'410782','辉县市',113.6699581,35.5588252),(1612,'410800','焦作市',113.2743859,35.2690981),(1613,'410802','解放区',113.2293355,35.240239),(1614,'410803','中站区',113.1831479,35.236655),(1615,'410804','马村区',113.3187175,35.2690718),(1616,'410811','山阳区',113.2546449,35.2143587),(1617,'410821','修武县',113.4649515,35.3139783),(1618,'410822','博爱县',113.0690682,35.1990352),(1619,'410823','武陟县',113.4030998,35.03308),(1620,'410825','温县',113.0355084,34.9412868),(1621,'410882','沁阳市',112.893126,35.1459769),(1622,'410883','孟州市',112.7533722,34.9240647),(1623,'410900','濮阳市',115.0293338,35.7621409),(1624,'410902','华龙区',115.07447,35.7780973),(1625,'410922','清丰县',115.11289,35.9050157),(1626,'410923','南乐县',115.2047503,36.0696286),(1627,'410926','范县',115.5041599,35.8519178),(1628,'410927','台前县',115.856452,35.9961673),(1629,'410928','濮阳县',115.0293231,35.7121794),(1630,'411000','许昌市',113.8322425,34.0221555),(1631,'411002','魏都区',113.8222969,34.0400004),(1632,'411023','许昌县',113.9812875,34.020457),(1633,'411024','鄢陵县',114.1852963,34.0085225),(1634,'411025','襄城县',113.5610068,33.8585223),(1635,'411081','禹州市',113.3595836,34.198111),(1636,'411082','长葛市',113.8608241,34.2411912),(1637,'411100','漯河市',114.0165424,33.5814113),(1638,'411102','源汇区',114.0064681,33.5562734),(1639,'411103','郾城区',114.0069401,33.5872388),(1640,'411104','召陵区',114.1618967,33.5909657),(1641,'411121','舞阳县',113.6092865,33.4378788),(1642,'411122','临颍县',113.9344239,33.8094085),(1643,'411200','三门峡市',111.2002122,34.7716439),(1644,'411202','湖滨区',111.2002337,34.7724282),(1645,'411221','渑池县',111.7618024,34.7671932),(1646,'411222','陕县',111.103406,34.7205303),(1647,'411224','卢氏县',111.0479057,34.0541972),(1648,'411281','义马市',111.8743157,34.7471842),(1649,'411282','灵宝市',110.8942044,34.5168383),(1650,'411300','南阳市',112.5484622,32.9950049),(1651,'411302','宛城区',112.5395572,33.0039129),(1652,'411303','卧龙区',112.5347936,32.9861589),(1653,'411321','南召县',112.4291682,33.4897462),(1654,'411322','方城县',113.0126882,33.2547666),(1655,'411323','西峡县',111.4825952,33.2983681),(1656,'411324','镇平县',112.2346652,33.0338337),(1657,'411325','内乡县',111.8493927,33.0448603),(1658,'411326','淅川县',111.4909101,33.1379824),(1659,'411327','社旗县',112.9481006,33.0561013),(1660,'411328','唐河县',112.8405976,32.6970871),(1661,'411329','新野县',112.3600638,32.5208082),(1662,'411330','桐柏县',113.4064901,32.3674025),(1663,'411381','邓州市',111.5,32.666667),(1664,'411400','商丘市',115.6355023,34.4162655),(1665,'411402','梁园区',115.6448686,34.4434153),(1666,'411403','睢阳区',115.6186366,34.382546),(1667,'411421','民权县',115.1476622,34.6468898),(1668,'411422','睢县',115.0718522,34.4453352),(1669,'411423','宁陵县',115.3231108,34.4462731),(1670,'411424','柘城县',115.3058481,34.0910427),(1671,'411425','虞城县',115.8649385,34.3975794),(1672,'411426','夏邑县',116.1314428,34.2375547),(1673,'411481','永城市',116.4494991,33.929287),(1674,'411500','信阳市',114.0886402,32.1069153),(1675,'411502','浉河区',114.0587175,32.1168025),(1676,'411503','平桥区',114.1243565,32.1009534),(1677,'411521','罗山县',114.5338547,32.2024795),(1678,'411522','光山县',114.9194491,32.0100411),(1679,'411523','新县',119.0559626,25.6513723),(1680,'411524','商城县',115.4068601,31.798379),(1681,'411525','固始县',115.678246,32.1848656),(1682,'411526','潢川县',115.0518215,32.1314495),(1683,'411527','淮滨县',115.4200673,32.4732381),(1684,'411528','息县',114.7404492,32.3429501),(1685,'411600','周口市',114.6575153,33.6183539),(1686,'411602','川汇区',114.6420228,33.6256083),(1687,'411621','扶沟县',114.3949163,34.0598593),(1688,'411622','西华县',114.5227718,33.7854608),(1689,'411623','商水县',114.6115959,33.5424767),(1690,'411624','沈丘县',115.0985885,33.4093497),(1691,'411625','郸城县',115.1771879,33.6447688),(1692,'411626','淮阳县',114.8597538,33.732406),(1693,'411627','太康县',114.8378885,34.0637967),(1694,'411628','鹿邑县',115.4845262,33.8602329),(1695,'411681','项城市',114.8756003,33.4671682),(1696,'411700','驻马店市',114.0280223,32.9831711),(1697,'411702','驿城区',114.0404999,32.9765291),(1698,'411721','西平县',114.0215421,33.3876825),(1699,'411722','上蔡县',114.2643678,33.2631191),(1700,'411723','平舆县',114.6395981,32.9572392),(1701,'411724','正阳县',114.3928134,32.6059408),(1702,'411725','确山县',114.0264452,32.8024352),(1703,'411726','泌阳县',113.3271503,32.7244038),(1704,'411727','汝南县',114.3624079,33.007071),(1705,'411728','遂平县',114.0131843,33.1456453),(1706,'411729','新蔡县',114.985528,32.749312),(1707,'419001','济源市',112.5881159,35.0903293),(1708,'420000','湖北省',114.2919388,30.5675144),(1709,'420100','武汉市',114.3814194,30.5611616),(1710,'420102','江岸区',114.3094397,30.5998261),(1711,'420103','江汉区',114.2707622,30.6013129),(1712,'420104','硚口区',114.2641318,30.5694481),(1713,'420105','汉阳区',114.2749143,30.5491693),(1714,'420106','武昌区',114.3160057,30.5538629),(1715,'420107','青山区',109.8865306,40.6650471),(1716,'420111','洪山区',114.343729,30.5002888),(1717,'420112','东西湖区',114.0980923,30.6849979),(1718,'420113','汉南区',114.0360689,30.2896809),(1719,'420114','蔡甸区',113.9658487,30.4672257),(1720,'420115','江夏区',114.3232691,30.2583907),(1721,'420116','黄陂区',114.3853033,31.0136331),(1722,'420117','新洲区',114.7894907,30.7908893),(1723,'420200','黄石市',115.0385177,30.1996564),(1724,'420202','黄石港区',115.06549,30.2174213),(1725,'420203','西塞山区',115.2015746,30.1684025),(1726,'420204','下陆区',114.9678254,30.1933508),(1727,'420205','铁山区',114.9008667,30.209485),(1728,'420222','阳新县',115.1129329,29.8321562),(1729,'420281','大冶市',114.8424697,30.0902336),(1730,'420300','十堰市',110.7018042,32.5838312),(1731,'420302','茅箭区',110.8136952,32.5915693),(1732,'420303','张湾区',110.7706726,32.6519501),(1733,'420321','郧县',110.6916654,32.7980793),(1734,'420322','郧西县',110.0640821,33.0166345),(1735,'420323','竹山县',110.0257373,32.2251273),(1736,'420324','竹溪县',109.8156774,32.0893921),(1737,'420325','房县',110.7122111,32.144677),(1738,'420381','丹江口市',111.1958241,32.6058865),(1739,'420500','宜昌市',111.2613451,30.9665518),(1740,'420502','西陵区',111.2857533,30.7108751),(1741,'420503','伍家岗区',111.3607585,30.6443921),(1742,'420504','点军区',111.2682867,30.693403),(1743,'420505','猇亭区',111.434809,30.5308085),(1744,'420506','夷陵区',111.326319,30.7689423),(1745,'420525','远安县',111.5853453,31.1099581),(1746,'420526','兴山县',110.7837188,31.3315994),(1747,'420527','秭归县',110.717361,30.8761411),(1748,'420528','长阳土家族自治县',110.853585,30.4718123),(1749,'420529','五峰土家族自治县',110.8711481,30.2222329),(1750,'420581','宜都市',111.35813,30.3472318),(1751,'420582','当阳市',111.8176889,30.8390704),(1752,'420583','枝江市',111.7501509,30.4664489),(1753,'420600','襄樊市',112.1588445,32.1292689),(1754,'420602','襄城区',112.1337283,32.0101775),(1755,'420606','樊城区',112.1355736,32.04496),(1756,'420607','襄阳区',112.2117698,32.0877832),(1757,'420624','南漳县',111.7830455,31.6238321),(1758,'420625','谷城县',111.5011239,32.191503),(1759,'420626','保康县',111.1557519,31.7313336),(1760,'420682','老河口市',111.7606652,32.4042498),(1761,'420683','枣阳市',112.7930367,32.0251145),(1762,'420684','宜城市',112.3500645,31.6712617),(1763,'420700','鄂州市',114.8941398,30.3890724),(1764,'420702','梁子湖区',114.6216702,30.2010566),(1765,'420703','华容区',114.7187769,30.4813177),(1766,'420704','鄂城区',114.9030232,30.3207944),(1767,'420800','荆门市',112.1123135,31.0995225),(1768,'420802','东宝区',112.2013521,31.0519597),(1769,'420804','掇刀区',112.2074139,30.9750151),(1770,'420821','京山县',113.1101489,31.0752387),(1771,'420822','沙洋县',112.3688293,30.6638758),(1772,'420881','钟祥市',112.5694263,31.1547741),(1773,'420900','孝感市',113.9169037,30.9245738),(1774,'420902','孝南区',113.9107239,30.9169805),(1775,'420921','孝昌县',113.9980137,31.2581558),(1776,'420922','大悟县',114.128294,31.562941),(1777,'420923','云梦县',113.7535572,31.0209797),(1778,'420981','应城市',113.5727119,30.9283657),(1779,'420982','安陆市',113.6890233,31.255597),(1780,'420984','汉川市',113.8391519,30.6612455),(1781,'421000','荆州市',112.221694,30.3907198),(1782,'421002','沙市区',112.2556508,30.3110326),(1783,'421003','荆州区',112.1901834,30.3528332),(1784,'421022','公安县',112.1206713,29.9697228),(1785,'421023','监利县',112.9610503,29.8111478),(1786,'421024','江陵县',112.4697554,30.0941416),(1787,'421081','石首市',112.5188828,29.7235017),(1788,'421083','洪湖市',113.6123657,29.921883),(1789,'421087','松滋市',112.224444,30.334444),(1790,'421100','黄冈市',114.8744845,30.458653),(1791,'421102','黄州区',114.880085,30.4343642),(1792,'421121','团风县',114.8728645,30.642989),(1793,'421122','红安县',114.618237,31.2881508),(1794,'421123','罗田县',115.3992426,30.7831102),(1795,'421124','英山县',115.6814539,30.7352977),(1796,'421125','浠水县',115.2655184,30.4520681),(1797,'421126','蕲春县',115.446353,30.2316791),(1798,'421127','黄梅县',115.9442139,30.0704774),(1799,'421181','麻城市',115.0099683,31.1717216),(1800,'421182','武穴市',115.5611193,29.8441058),(1801,'421200','咸宁市',114.3217671,29.8335429),(1802,'421202','咸安区',114.3031096,29.8511502),(1803,'421221','嘉鱼县',113.9236307,29.9785241),(1804,'421222','通城县',113.8142073,29.2435792),(1805,'421223','崇阳县',114.04948,29.5397754),(1806,'421224','通山县',114.4928813,29.6042731),(1807,'421281','赤壁市',113.8805652,29.7185448),(1808,'421300','随州市',113.3754945,31.7167049),(1809,'421302','曾都区',113.371278,31.716139),(1810,'421381','广水市',113.825891,31.6168522),(1811,'422800','恩施土家族苗族自治州',109.4823432,30.2899218),(1812,'422801','恩施市',109.479425,30.2950262),(1813,'422802','利川市',108.9363742,30.2909964),(1814,'422822','建始县',109.7266173,30.6019316),(1815,'422823','巴东县',110.3407574,31.0423266),(1816,'422825','宣恩县',109.484961,29.9908465),(1817,'422826','咸丰县',109.152925,29.6786293),(1818,'422827','来凤县',109.4069409,29.4997984),(1819,'422828','鹤峰县',110.0329363,29.8877321),(1820,'429004','仙桃市',113.167419,30.767799),(1821,'429005','潜江市',113.1665298,30.6633716),(1822,'429006','天门市',113.1665298,30.6633716),(1823,'429021','神农架林区',113.1665298,30.6633716),(1824,'430000','湖南省',112.9812698,28.2008247),(1825,'430100','长沙市',113.0093515,28.208469),(1826,'430102','芙蓉区',113.0417633,28.1962435),(1827,'430103','天心区',112.9692256,28.1147043),(1828,'430104','岳麓区',112.9189289,28.1940497),(1829,'430105','开福区',112.9878831,28.2916088),(1830,'430111','雨花区',113.0493271,28.1170795),(1831,'430121','长沙县',113.2289708,28.2865071),(1832,'430122','望城县',112.8268003,28.2671565),(1833,'430124','宁乡县',112.3397541,28.1821819),(1834,'430181','浏阳市',113.7201691,28.1963286),(1835,'430200','株洲市',113.1686962,27.8872599),(1836,'430202','荷塘区',113.173492,27.8558765),(1837,'430203','芦淞区',113.1597269,27.824408),(1838,'430204','石峰区',113.1176913,27.8667654),(1839,'430211','天元区',113.1234848,27.8307556),(1840,'430221','株洲县',113.1655848,27.5425232),(1841,'430223','攸县',113.5176086,27.1002883),(1842,'430224','茶陵县',113.6176658,26.8122841),(1843,'430225','炎陵县',113.8449883,26.3668794),(1844,'430281','醴陵市',113.4685349,27.6703213),(1845,'430300','湘潭市',112.9073417,27.8563223),(1846,'430302','雨湖区',112.8971708,27.8540742),(1847,'430304','岳塘区',112.9914236,27.9048966),(1848,'430321','湘潭县',112.7385986,27.7096803),(1849,'430381','湘乡市',112.3277485,27.7783796),(1850,'430382','韶山市',112.5235498,27.9363796),(1851,'430400','衡阳市',112.6369536,26.8833876),(1852,'430405','珠晖区',112.6201737,26.8946598),(1853,'430406','雁峰区',112.6163864,26.8887368),(1854,'430407','石鼓区',112.6106894,26.9023812),(1855,'430408','蒸湘区',112.6032972,26.8965065),(1856,'430412','南岳区',112.7299511,27.2439468),(1857,'430421','衡阳县',112.3670805,27.1171062),(1858,'430422','衡南县',112.8948104,26.764378),(1859,'430423','衡山县',112.8055573,27.2215192),(1860,'430424','衡东县',113.0130637,27.1104786),(1861,'430426','祁东县',111.9421756,26.7658724),(1862,'430481','耒阳市',112.9277587,26.4109356),(1863,'430482','常宁市',112.4126029,26.3635629),(1864,'430500','邵阳市',111.4818656,27.2397879),(1865,'430502','双清区',111.4971542,27.2329101),(1866,'430503','大祥区',111.4541316,27.2333203),(1867,'430511','北塔区',111.4522004,27.2464936),(1868,'430521','邵东县',111.7442608,27.2589405),(1869,'430522','新邵县',111.4586592,27.320916),(1870,'430523','邵阳县',111.2738013,26.9906378),(1871,'430524','隆回县',111.0324347,27.1139739),(1872,'430525','洞口县',110.5758476,27.0603201),(1873,'430527','绥宁县',110.1556528,26.5819549),(1874,'430528','新宁县',110.8566213,26.4334185),(1875,'430529','城步苗族自治县',110.3118968,26.3552762),(1876,'430581','武冈市',110.6318843,26.7266001),(1877,'430600','岳阳市',113.0357122,29.4448858),(1878,'430602','岳阳楼区',113.1297505,29.3718442),(1879,'430603','云溪区',113.2719076,29.4735741),(1880,'430611','君山区',113.0064332,29.4611693),(1881,'430621','岳阳县',113.2534003,29.2202197),(1882,'430623','华容县',112.6741719,29.4849873),(1883,'430624','湘阴县',112.7778447,28.7687406),(1884,'430626','平江县',113.6534035,28.7629755),(1885,'430681','汨罗市',113.1614542,28.7430348),(1886,'430682','临湘市',113.5244322,29.5227857),(1887,'430700','常德市',111.699146,29.0434985),(1888,'430702','武陵区',111.8663228,29.1720327),(1889,'430703','鼎城区',111.6569281,28.8083452),(1890,'430721','安乡县',112.1491349,29.4516312),(1891,'430722','汉寿县',112.0076323,28.8739622),(1892,'430723','澧县',111.647079,29.6817892),(1893,'430724','临澧县',111.6374767,29.5166146),(1894,'430725','桃源县',111.2886393,28.9189079),(1895,'430726','石门县',111.0248494,29.6980066),(1896,'430781','津市市',111.9050002,29.5099762),(1897,'430800','张家界市',110.4753613,29.2054616),(1898,'430802','永定区',110.4746532,29.1338698),(1899,'430811','武陵源区',110.550431,29.3457271),(1900,'430821','慈利县',111.1396694,29.4299733),(1901,'430822','桑植县',110.1639247,29.3997212),(1902,'430900','益阳市',112.3474467,28.5828447),(1903,'430902','资阳区',112.3244762,28.5909561),(1904,'430903','赫山区',112.3741615,28.5793965),(1905,'430921','南县',112.4093306,29.3712365),(1906,'430922','桃江县',112.1558189,28.5180818),(1907,'430923','安化县',111.2128079,28.374089),(1908,'430981','沅江市',112.3559546,28.8470419),(1909,'431000','郴州市',113.0289745,25.7952836),(1910,'431002','北湖区',113.0110359,25.7840584),(1911,'431003','苏仙区',113.0424392,25.8003645),(1912,'431021','桂阳县',112.7341461,25.7541162),(1913,'431022','宜章县',112.9488194,25.3999603),(1914,'431023','永兴县',113.1165218,26.1271506),(1915,'431024','嘉禾县',112.3690224,25.5875237),(1916,'431025','临武县',112.5634611,25.275561),(1917,'431026','汝城县',113.6849785,25.5505049),(1918,'431027','桂东县',113.9446163,26.0776191),(1919,'431028','安仁县',113.2694399,26.709053),(1920,'431081','资兴市',113.2361484,25.9762461),(1921,'431100','永州市',111.614002,26.2262275),(1922,'431102','零陵区',111.6311359,26.2218868),(1923,'431103','冷水滩区',111.5921474,26.4610742),(1924,'431121','祁阳县',111.8406594,26.5801223),(1925,'431122','东安县',111.299808,26.3975494),(1926,'431123','双牌县',111.6599643,25.9619128),(1927,'431124','道县',111.6007948,25.5264389),(1928,'431125','江永县',111.3439143,25.273543),(1929,'431126','宁远县',111.945802,25.5709755),(1930,'431127','蓝山县',112.196728,25.3699025),(1931,'431128','新田县',112.221576,25.9065696),(1932,'431129','江华瑶族自治县',111.5793049,25.1855929),(1933,'431200','怀化市',109.9976385,27.5558405),(1934,'431202','鹤城区',109.9650872,27.5494294),(1935,'431221','中方县',110.2026665,27.545301),(1936,'431222','沅陵县',110.3938437,28.4527226),(1937,'431223','辰溪县',110.1839232,28.0063468),(1938,'431224','溆浦县',110.5940008,27.909988),(1939,'431225','会同县',109.7209632,26.872813),(1940,'431226','麻阳苗族自治县',109.8025775,27.8655609),(1941,'431227','新晃侗族自治县',109.1718829,27.3580276),(1942,'431228','芷江侗族自治县',109.6851397,27.4434111),(1943,'431229','靖州苗族侗族自治县',109.696244,26.5750753),(1944,'431230','通道侗族自治县',109.7843599,26.1580381),(1945,'431281','洪江市',109.8338413,27.203906),(1946,'431300','娄底市',111.9960022,27.7016919),(1947,'431302','娄星区',112.0019352,27.7299195),(1948,'431321','双峰县',112.1924472,27.4591395),(1949,'431322','新化县',111.3274133,27.7265197),(1950,'431381','冷水江市',111.4349806,27.6862547),(1951,'431382','涟源市',111.6643202,27.6925439),(1952,'433100','湘西土家族苗族自治州',109.6006179,27.9472226),(1953,'433101','吉首市',109.6980894,28.2623561),(1954,'433122','泸溪县',110.2196074,28.2166374),(1955,'433123','凤凰县',109.5672727,28.0769691),(1956,'433124','花垣县',109.482075,28.5720286),(1957,'433125','保靖县',109.6504319,28.7088822),(1958,'433126','古丈县',109.950732,28.6169348),(1959,'433127','永顺县',109.8512542,29.0014407),(1960,'433130','龙山县',109.4437945,29.4576475),(1961,'440000','广东省',113.2614288,23.1189117),(1962,'440100','广州市',113.341527,23.1270407),(1963,'440103','荔湾区',113.2430255,23.1348746),(1964,'440104','越秀区',113.2602453,23.1307702),(1965,'440105','海珠区',113.331635,23.0790507),(1966,'440106','天河区',113.3840668,23.1668269),(1967,'440111','白云区',113.3684671,23.2705232),(1968,'440112','黄埔区',113.483448,23.0933025),(1969,'440113','番禺区',113.4603059,22.8135196),(1970,'440114','花都区',113.2184994,23.4325169),(1971,'440115','南沙区',113.6084819,22.7716706),(1972,'440116','萝岗区',113.5275435,23.0607601),(1973,'440183','增城市',113.7455642,23.3499589),(1974,'440184','从化市',113.6710525,23.6510794),(1975,'440200','韶关市',113.5455787,24.779127),(1976,'440203','武江区',113.5877752,24.7929196),(1977,'440204','浈江区',113.6110997,24.804383),(1978,'440205','曲江区',113.6045444,24.6827313),(1979,'440222','始兴县',114.1425741,24.8319706),(1980,'440224','仁化县',113.7738132,25.1244989),(1981,'440229','翁源县',113.9878213,24.3990481),(1982,'440232','乳源瑶族自治县',113.1844354,24.8137808),(1983,'440233','新丰县',114.1769922,24.0795663),(1984,'440281','乐昌市',113.2173085,25.2284501),(1985,'440282','南雄市',114.3380427,25.1834569),(1986,'440300','深圳市',114.0577948,22.5442297),(1987,'440303','罗湖区',114.1438723,22.5724179),(1988,'440304','福田区',114.0476882,22.5434469),(1989,'440305','南山区',113.9459252,22.5530484),(1990,'440306','宝安区',113.9382541,22.6961991),(1991,'440307','龙岗区',114.3393302,22.6281035),(1992,'440308','盐田区',114.2680049,22.5877034),(1993,'440400','珠海市',113.3859122,22.1583538),(1994,'440402','香洲区',113.5434973,22.26654),(1995,'440403','斗门区',113.2965302,22.2093086),(1996,'440404','金湾区',113.3632743,22.146668),(1997,'440500','汕头市',116.5809596,23.339074),(1998,'440507','龙湖区',116.7164969,23.371982),(1999,'440511','金平区',116.7034078,23.3660235),(2000,'440512','濠江区',116.7264855,23.2858287),(2001,'440513','潮阳区',116.601398,23.2652008),(2002,'440514','潮南区',116.4328587,23.2504449),(2003,'440515','澄海区',116.755861,23.4664941),(2004,'440523','南澳县',117.0490479,23.4372616),(2005,'440600','佛山市',113.1214893,23.0305006),(2006,'440604','禅城区',113.0982721,23.0193329),(2007,'440605','南海区',113.0546916,23.0539486),(2008,'440606','顺德区',113.2045519,22.8387752),(2009,'440607','三水区',112.9102814,23.2626578),(2010,'440608','高明区',112.6559651,22.8291046),(2011,'440700','江门市',113.0291462,22.4516389),(2012,'440703','蓬江区',113.0784988,22.5951524),(2013,'440704','江海区',113.111608,22.5604695),(2014,'440705','新会区',113.0333626,22.4583516),(2015,'440781','台山市',112.6663291,22.0733416),(2016,'440783','开平市',112.5254059,22.311272),(2017,'440784','鹤山市',112.7629209,22.6620565),(2018,'440785','恩平市',112.2653282,22.2030508),(2019,'440800','湛江市',110.3860652,21.1567186),(2020,'440802','赤坎区',110.365895,21.2661302),(2021,'440803','霞山区',110.3980708,21.1917244),(2022,'440804','坡头区',110.4552984,21.2443824),(2023,'440811','麻章区',110.3342021,21.2633407),(2024,'440823','遂溪县',110.0511432,21.2508721),(2025,'440825','徐闻县',110.2060568,20.4443855),(2026,'440881','廉江市',110.1294422,21.6591233),(2027,'440882','雷州市',110.0320458,20.8012935),(2028,'440883','吴川市',110.7264912,21.4500929),(2029,'440900','茂名市',110.8577156,21.6539182),(2030,'440902','茂南区',110.9180224,21.6413334),(2031,'440903','茂港区',111.0495794,21.4645915),(2032,'440923','电白县',111.1615777,21.7005184),(2033,'440981','高州市',111.000731,22.0080842),(2034,'440982','化州市',110.5454636,21.8419214),(2035,'440983','信宜市',111.0316515,22.4465422),(2036,'441200','肇庆市',112.4651957,23.0477291),(2037,'441202','端州区',112.4671912,23.0976053),(2038,'441203','鼎湖区',112.6174164,23.1954088),(2039,'441223','广宁县',112.3968637,23.6701142),(2040,'441224','怀集县',112.1991313,23.9326718),(2041,'441225','封开县',111.7026865,23.5962197),(2042,'441226','德庆县',111.9017708,23.2884008),(2043,'441283','高要市',112.7555823,23.1017206),(2044,'441284','四会市',112.6422751,23.4497231),(2045,'441300','惠州市',114.4174254,23.0896114),(2046,'441302','惠城区',114.4226825,23.1050462),(2047,'441303','惠阳区',114.6393192,23.0375502),(2048,'441322','博罗县',114.2696357,23.376591),(2049,'441323','惠东县',114.9886608,22.9636192),(2050,'441324','龙门县',114.1175008,23.6462343),(2051,'441400','梅州市',116.1205423,24.2899411),(2052,'441402','梅江区',116.1007369,24.2744305),(2053,'441421','梅县',116.1698842,24.357731),(2054,'441422','大埔县',116.6258812,24.3356598),(2055,'441423','丰顺县',116.2747693,23.9177357),(2056,'441424','五华县',115.7016456,23.7810054),(2057,'441426','平远县',115.9386992,24.6554713),(2058,'441427','蕉岭县',116.2097204,24.6519123),(2059,'441481','兴宁市',115.7589376,24.2476004),(2060,'441500','汕尾市',115.4192519,22.781177),(2061,'441502','城区',115.3649962,22.7788524),(2062,'441521','海丰县',115.27511,22.973369),(2063,'441523','陆河县',115.6238937,23.2918007),(2064,'441581','陆丰市',115.8520639,22.9454117),(2065,'441600','河源市',114.6998835,23.7432599),(2066,'441602','源城区',114.7024262,23.7341067),(2067,'441621','紫金县',115.1821339,23.6384109),(2068,'441622','龙川县',115.2597463,24.100164),(2069,'441623','连平县',114.4887078,24.3695861),(2070,'441624','和平县',114.9386859,24.4421781),(2071,'441625','东源县',114.7464573,23.7881919),(2072,'441700','阳江市',111.9818509,21.8613394),(2073,'441702','江城区',111.9139481,21.7590214),(2074,'441721','阳西县',111.5990889,21.703788),(2075,'441723','阳东县',112.0405591,21.9802795),(2076,'441781','阳春市',111.7215478,22.2525695),(2077,'441800','清远市',113.0454648,23.6882326),(2078,'441802','清城区',113.0300581,23.7104546),(2079,'441821','佛冈县',113.5315776,23.8794022),(2080,'441823','阳山县',112.626493,24.4666722),(2081,'441825','连山壮族瑶族自治县',112.0806634,24.5676938),(2082,'441826','连南瑶族自治县',112.28773,24.7256957),(2083,'441827','清新县',113.0177414,23.7348138),(2084,'441881','英德市',113.4150624,24.1860449),(2085,'441882','连州市',112.377423,24.780744),(2086,'441900','东莞市',113.7515724,23.0199649),(2087,'442000','中山市',113.3927464,22.5159763),(2088,'445100','潮州市',116.6215146,23.6547451),(2089,'445102','湘桥区',116.6674125,23.6935281),(2090,'445121','潮安县',116.7581785,23.7126844),(2091,'445122','饶平县',116.9422102,23.8692088),(2092,'445200','揭阳市',116.3684106,23.5491465),(2093,'445202','榕城区',116.3649881,23.507507),(2094,'445221','揭东县',116.556702,23.58035),(2095,'445222','揭西县',115.9006655,23.4852998),(2096,'445224','惠来县',116.2478077,23.0346178),(2097,'445281','普宁市',116.0409987,23.3122176),(2098,'445300','云浮市',112.0440245,22.9293756),(2099,'445302','云城区',112.0390785,22.9299685),(2100,'445321','新兴县',112.2253418,22.6956943),(2101,'445322','郁南县',111.5992713,23.0371651),(2102,'445323','云安县',112.003212,23.0710162),(2103,'445381','罗定市',111.5699816,22.7683268),(2104,'450000','广西壮族自治区',108.3117676,22.8065434),(2105,'450100','南宁市',108.3109045,22.6537992),(2106,'450102','兴宁区',108.3159685,22.8158041),(2107,'450103','青秀区',108.3486485,22.8230726),(2108,'450105','江南区',108.3158612,22.7951337),(2109,'450107','西乡塘区',108.313576,22.8339598),(2110,'450108','良庆区',108.3211935,22.7558712),(2111,'450109','邕宁区',108.4878123,22.7581863),(2112,'450122','武鸣县',108.229301,23.2267749),(2113,'450123','隆安县',107.7381992,23.1311156),(2114,'450124','马山县',108.2320046,23.6364059),(2115,'450125','上林县',108.623457,23.4962514),(2116,'450126','宾阳县',108.897922,23.1771637),(2117,'450127','横县',109.2071915,22.7550599),(2118,'450200','柳州市',109.3799257,24.3992435),(2119,'450202','城中区',109.4139791,24.3114043),(2120,'450203','鱼峰区',109.4475603,24.3062026),(2121,'450204','柳南区',109.3854833,24.3359921),(2122,'450205','柳北区',109.408443,24.3222763),(2123,'450221','柳江县',109.3524599,24.2028579),(2124,'450222','柳城县',109.2436802,24.6310726),(2125,'450223','鹿寨县',109.8238635,24.5349041),(2126,'450224','融安县',109.4974494,25.163474),(2127,'450225','融水苗族自治县',109.1724515,25.0317946),(2128,'450226','三江侗族自治县',109.5924532,25.6357422),(2129,'450300','桂林市',110.3516686,25.1756214),(2130,'450302','秀峰区',110.2891517,25.2824975),(2131,'450303','叠彩区',110.3019512,25.3138185),(2132,'450304','象山区',110.2810836,25.2616868),(2133,'450305','七星区',110.3179479,25.2526046),(2134,'450311','雁山区',110.2828646,25.2474616),(2135,'450321','阳朔县',110.4515219,24.846283),(2136,'450322','临桂县',110.0505316,25.2550887),(2137,'450323','灵川县',110.4405463,25.4050968),(2138,'450324','全州县',111.0099471,25.8979416),(2139,'450325','兴安县',110.585686,25.6016797),(2140,'450326','永福县',109.9264956,25.0329903),(2141,'450327','灌阳县',111.0304499,25.4652068),(2142,'450328','龙胜各族自治县',110.0400066,25.7421527),(2143,'450329','资源县',110.5999446,26.0053703),(2144,'450330','平乐县',110.8010781,24.6086006),(2145,'450331','荔浦县',110.3522694,24.5477673),(2146,'450332','恭城瑶族自治县',110.8077729,24.9590106),(2147,'450400','梧州市',111.2959242,23.4904461),(2148,'450403','万秀区',111.3194311,23.472261),(2149,'450404','蝶山区',111.3025117,23.4757152),(2150,'450405','长洲区',111.2761295,23.4841682),(2151,'450421','苍梧县',111.2660229,23.2501295),(2152,'450422','藤县',110.7974303,23.376207),(2153,'450423','蒙山县',110.571599,24.1300506),(2154,'450481','岑溪市',111.018616,22.9297017),(2155,'450500','北海市',109.321003,21.5337492),(2156,'450502','海城区',109.1174448,21.4750151),(2157,'450503','银海区',109.1302979,21.4783098),(2158,'450512','铁山港区',109.4213712,21.5291284),(2159,'450521','合浦县',109.207449,21.660629),(2160,'450600','防城港市',108.3466101,21.6156617),(2161,'450602','港口区',108.4459054,21.633744),(2162,'450603','防城区',107.9978049,21.7418517),(2163,'450621','上思县',107.9579794,22.0977681),(2164,'450681','东兴市',108.0530369,21.6134274),(2165,'450700','钦州市',108.6537981,21.9816823),(2166,'450702','钦南区',108.7193406,21.9078922),(2167,'450703','钦北区',108.6351085,22.1295649),(2168,'450721','灵山县',109.1248369,22.3203537),(2169,'450722','浦北县',109.4715607,22.247813),(2170,'450800','贵港市',109.5989442,23.1120031),(2171,'450802','港北区',109.5722401,23.1115295),(2172,'450803','港南区',109.5998132,23.0753),(2173,'450804','覃塘区',109.4056106,23.1298724),(2174,'450821','平南县',110.4624867,23.5191945),(2175,'450881','桂平市',110.0903249,23.3109367),(2176,'450900','玉林市',110.1654696,22.6384616),(2177,'450902','玉州区',110.1510179,22.629173),(2178,'450921','容县',110.6210804,22.8456074),(2179,'450922','陆川县',110.2641428,22.2388061),(2180,'450923','博白县',109.8767459,22.0821205),(2181,'450924','兴业县',109.8804688,22.7401096),(2182,'450981','北流市',110.4823565,22.5167593),(2183,'451000','百色市',106.6187418,23.9021997),(2184,'451002','右江区',106.46945,23.9699993),(2185,'451021','田阳县',106.8435752,23.7216329),(2186,'451022','田东县',107.1841407,23.6221632),(2187,'451023','平果县',107.580539,23.3279025),(2188,'451024','德保县',106.6266382,23.3957739),(2189,'451025','靖西县',106.2887013,23.1606028),(2190,'451026','那坡县',105.822072,23.2581336),(2191,'451027','凌云县',106.6333866,24.3929022),(2192,'451028','乐业县',106.5119362,24.8198768),(2193,'451029','田林县',106.0062647,24.3883781),(2194,'451030','西林县',105.3138685,24.3458748),(2195,'451031','隆林各族自治县',105.3346717,24.6812301),(2196,'451100','贺州市',111.5666556,24.403562),(2197,'451102','八步区',111.7168486,24.3461192),(2198,'451121','昭平县',110.9911287,24.0959428),(2199,'451122','钟山县',111.2440181,24.4960724),(2200,'451123','富川瑶族自治县',111.3150752,24.874348),(2201,'451200','河池市',108.0855668,24.6925965),(2202,'451202','金城江区',107.849586,24.6720269),(2203,'451221','南丹县',107.5097072,25.1042635),(2204,'451222','天峨县',107.0453846,25.0004109),(2205,'451223','凤山县',106.991322,24.5387983),(2206,'451224','东兰县',107.4101758,24.5189941),(2207,'451225','罗城仫佬族自治县',108.8423359,24.9059488),(2208,'451226','环江毛南族自治县',108.3151746,25.1072461),(2209,'451227','巴马瑶族自治县',107.2051692,24.1640808),(2210,'451228','都安瑶族自治县',108.1405628,24.2002843),(2211,'451229','大化瑶族自治县',107.7064419,23.9635386),(2212,'451281','宜州市',108.586121,24.47465),(2213,'451300','来宾市',109.219551,23.752354),(2214,'451302','兴宾区',109.213028,23.6958565),(2215,'451321','忻城县',108.7125791,24.0113663),(2216,'451322','象州县',109.8544195,24.0454286),(2217,'451323','武宣县',109.7115472,23.5630297),(2218,'451324','金秀瑶族自治县',110.2355647,24.1755866),(2219,'451381','合山市',108.9264524,23.8241868),(2220,'451400','崇左市',107.3579478,22.4026273),(2221,'451402','江洲区',107.4124825,22.4838609),(2222,'451421','扶绥县',107.8393507,22.4641419),(2223,'451422','宁明县',107.3252678,22.0103919),(2224,'451423','龙州县',106.8178377,22.3912876),(2225,'451424','大新县',107.1120322,22.7629945),(2226,'451425','天等县',107.0677006,23.1058554),(2227,'451481','凭祥市',106.8650395,22.06286),(2228,'460000','海南省',110.3465118,20.0317936),(2229,'460100','海口市',110.3311872,20.0158451),(2230,'460105','秀英区',110.2391124,19.8708368),(2231,'460106','龙华区',110.3345132,19.8832269),(2232,'460107','琼山区',110.5034709,19.7720446),(2233,'460108','美兰区',110.3311872,20.0158451),(2234,'460200','三亚市',109.5119226,18.2526246),(2235,'469001','五指山市',109.5119226,18.2526246),(2236,'469002','琼海市',110.45517,19.254108),(2237,'469003','儋州市',116.5623856,11.3185451),(2238,'469005','文昌市',116.5623856,11.3185451),(2239,'469006','万宁市',116.5623856,11.3185451),(2240,'469007','东方市',109.5041335,18.2520133),(2241,'469021','定安县',116.5623856,11.3185451),(2242,'469022','屯昌县',116.5623856,11.3185451),(2243,'469023','澄迈县',109.5070517,18.2497309),(2244,'469024','临高县',116.455078,11.652236),(2245,'469025','白沙黎族自治县',116.5623856,11.3185451),(2246,'469026','昌江黎族自治县',116.5623856,11.3185451),(2247,'469027','乐东黎族自治县',109.17663,18.745108),(2248,'469028','陵水黎族自治县',110.0290847,18.5167257),(2249,'469029','保亭黎族苗族自治县',109.7003424,18.6263091),(2250,'469030','琼中黎族苗族自治县',116.5623856,11.3185451),(2251,'469031','西沙群岛',116.5623856,11.3185451),(2252,'469032','南沙群岛',116.806641,11.350797),(2253,'469033','中沙群岛的岛礁及其海域',113.291016,12.297068),(2254,'500000','重庆市',106.548425,29.5549144),(2255,'500100','重庆市',106.548425,29.5549144),(2256,'500101','万州区',108.3138978,30.7056357),(2257,'500102','涪陵区',107.2871053,29.6859463),(2258,'500103','渝中区',106.5525663,29.5565663),(2259,'500104','大渡口区',106.482228,29.4845671),(2260,'500105','江北区',106.531527,29.5732798),(2261,'500106','沙坪坝区',106.4574552,29.5411196),(2262,'500107','九龙坡区',106.5111315,29.5021608),(2263,'500108','南岸区',106.5635097,29.5228884),(2264,'500109','北碚区',106.3955712,29.8050315),(2265,'500110','万盛区',106.935457,28.9705644),(2266,'500111','双桥区',105.7871389,29.4956055),(2267,'500112','渝北区',106.6309512,29.7186939),(2268,'500113','巴南区',106.5238237,29.3832034),(2269,'500114','黔江区',108.6874759,29.3657948),(2270,'500115','长寿区',107.1599579,29.9693975),(2271,'500116','江津区',106.2592721,29.2901886),(2272,'500117','合川区',106.266667,29.3),(2273,'500118','永川区',105.9305406,29.3581553),(2274,'500119','南川区',107.0992756,29.1578486),(2275,'500222','綦江县',106.55,29.413889),(2276,'500223','潼南县',105.7704341,30.0583414),(2277,'500224','铜梁县',106.0310805,29.8057484),(2278,'500225','大足县',105.7527852,29.6174717),(2279,'500226','荣昌县',105.5139077,29.4667367),(2280,'500227','璧山县',106.1995447,29.582116),(2281,'500228','梁平县',107.7409673,30.6276095),(2282,'500229','城口县',108.6294973,31.8240988),(2283,'500230','丰都县',107.7954698,30.0064099),(2284,'500231','垫江县',107.4479628,30.2452027),(2285,'500232','武隆县',107.6168454,29.351226),(2286,'500233','忠县',107.8909457,30.3170528),(2287,'500234','开县',108.4971893,31.2510477),(2288,'500235','云阳县',108.8319826,30.9543063),(2289,'500236','奉节县',109.4111788,31.0546803),(2290,'500237','巫山县',109.8794496,31.1140732),(2291,'500238','巫溪县',109.6299183,31.3701365),(2292,'500240','石柱土家族自治县',108.1850123,30.0234014),(2293,'500241','秀山土家族苗族自治县',109.0211105,28.4714547),(2294,'500242','酉阳土家族苗族自治县',108.65837930000001,28.8908908),(2295,'500243','彭水苗族土家族自治县',108.246038,29.3308562),(2296,'510000','四川省',104.0817566,30.6610565),(2297,'510100','成都市',104.0886676,30.7105892),(2298,'510104','锦江区',104.0817904,30.6548682),(2299,'510105','青羊区',104.0633154,30.6684346),(2300,'510106','金牛区',104.0462887,30.6967519),(2301,'510107','武侯区',104.036032,30.626954),(2302,'510108','成华区',104.1173244,30.6654077),(2303,'510112','龙泉驿区',104.2662513,30.559203),(2304,'510113','青白江区',104.2592883,30.8796309),(2305,'510114','新都区',104.1581476,30.8211423),(2306,'510115','温江区',103.8296199,30.6950636),(2307,'510121','金堂县',104.6239829,30.7177653),(2308,'510122','双流县',104.0312684,30.4449462),(2309,'510124','郫县',103.8842726,30.8381307),(2310,'510129','大邑县',103.4442401,30.587229),(2311,'510131','蒲江县',103.4900308,30.214538),(2312,'510132','新津县',103.8212943,30.4260661),(2313,'510181','都江堰市',103.6122644,30.9962987),(2314,'510182','彭州市',103.9251173,31.162523),(2315,'510183','邛崃市',103.4201539,30.3788824),(2316,'510184','崇州市',103.6132514,30.7062445),(2317,'510300','自贡市',104.8091197,29.2999945),(2318,'510302','自流井区',104.7771907,29.3374595),(2319,'510303','贡井区',104.7151136,29.3455494),(2320,'510304','大安区',104.7740257,29.3636442),(2321,'510311','沿滩区',104.8740721,29.2725769),(2322,'510321','荣县',104.3655038,29.3927106),(2323,'510322','富顺县',104.9796546,29.2041037),(2324,'510400','攀枝花市',101.7189145,26.5837779),(2325,'510402','东区',101.7041087,26.5464873),(2326,'510403','西区',101.6306162,26.5977852),(2327,'510411','仁和区',101.7385268,26.4977685),(2328,'510421','米易县',102.1103346,26.8906888),(2329,'510422','盐边县',101.8550742,26.6832114),(2330,'510500','泸州市',105.4086256,28.7635962),(2331,'510502','江阳区',105.4534721,28.8889933),(2332,'510503','纳溪区',105.371182,28.7733582),(2333,'510504','龙马潭区',105.4377866,28.9132544),(2334,'510521','泸县',105.4725695,29.1088168),(2335,'510522','合江县',105.7871819,28.7592228),(2336,'510524','叙永县',105.4675484,28.0880251),(2337,'510525','古蔺县',105.9564614,27.9210991),(2338,'510600','德阳市',104.3978083,31.127538),(2339,'510603','旌阳区',104.4034195,31.1309085),(2340,'510623','中江县',104.6787,31.0330603),(2341,'510626','罗江县',104.5103538,31.3169446),(2342,'510681','广汉市',104.2824304,30.9761833),(2343,'510682','什邡市',104.1672564,31.1268584),(2344,'510683','绵竹市',104.1980481,31.343274),(2345,'510700','绵阳市',104.7430837,31.4614774),(2346,'510703','涪城区',104.6605897,31.4379365),(2347,'510704','游仙区',104.9299908,31.534881),(2348,'510722','三台县',105.0054359,31.0767548),(2349,'510723','盐亭县',105.4649734,31.2304633),(2350,'510724','安县',104.382627,31.5820269),(2351,'510725','梓潼县',105.2102923,31.6692528),(2352,'510726','北川羌族自治县',104.4368398,31.8938917),(2353,'510727','平武县',104.5536447,32.4458447),(2354,'510781','江油市',104.9064088,31.8929352),(2355,'510800','广元市',105.843358,32.4354319),(2356,'510802','市中区',105.8320284,32.4357489),(2357,'510811','元坝区',105.9628129,32.3232602),(2358,'510812','朝天区',105.8904469,32.6439824),(2359,'510821','旺苍县',106.2899029,32.2289211),(2360,'510822','青川县',105.2381873,32.5842561),(2361,'510823','剑阁县',105.5247653,32.2877222),(2362,'510824','苍溪县',105.9347999,31.7324286),(2363,'510900','遂宁市',105.5369318,30.4275926),(2364,'510903','船山区',105.5809736,30.4997896),(2365,'510904','安居区',105.46242,30.3501297),(2366,'510921','蓬溪县',105.705117,30.7635584),(2367,'510922','射洪县',105.388391,30.8711316),(2368,'510923','大英县',105.2370071,30.5941835),(2369,'511000','内江市',105.1274228,29.6340538),(2370,'511002','市中区',105.06791,29.5870983),(2371,'511011','东兴区',105.0755382,29.5927893),(2372,'511024','威远县',104.5690084,29.5776747),(2373,'511025','资中县',104.7869325,29.8003208),(2374,'511028','隆昌县',105.2423716,29.3625502),(2375,'511100','乐山市',103.7012172,29.4703703),(2376,'511102','市中区',103.7615883,29.5554371),(2377,'511111','沙湾区',103.5499942,29.4130867),(2378,'511112','五通桥区',103.8183975,29.4067313),(2379,'511113','金口河区',103.0786121,29.2444311),(2380,'511123','犍为县',103.9427555,29.2354438),(2381,'511124','井研县',104.0632403,29.6565631),(2382,'511126','夹江县',103.5173249,29.7773315),(2383,'511129','沐川县',103.8465714,29.0451493),(2384,'511132','峨边彝族自治县',103.1486392,29.1603689),(2385,'511133','马边彝族自治县',103.6762512,28.6854488),(2386,'511181','峨眉山市',103.3985889,29.4961191),(2387,'511300','南充市',106.0829973,30.7912579),(2388,'511302','顺庆区',106.0924602,30.7965204),(2389,'511303','高坪区',106.1189497,30.781617),(2390,'511304','嘉陵区',106.0717964,30.7587459),(2391,'511321','南部县',106.0674298,31.3534903),(2392,'511322','营山县',106.5654516,31.0765435),(2393,'511323','蓬安县',106.4122117,31.028528),(2394,'511324','仪陇县',106.3030994,31.2715727),(2395,'511325','西充县',105.9008217,30.9952595),(2396,'511381','阆中市',105.9773612,31.577722),(2397,'511400','眉山市',103.8442969,30.1014839),(2398,'511402','东坡区',103.7398732,30.0823706),(2399,'511421','仁寿县',104.2106545,29.9837376),(2400,'511422','彭山县',103.8516462,30.2380379),(2401,'511423','洪雅县',103.2318842,29.7379703),(2402,'511424','丹棱县',103.4121072,30.0002313),(2403,'511425','青神县',103.839705,29.8174778),(2404,'511500','宜宾市',104.6212792,28.7705275),(2405,'511502','翠屏区',104.6674347,28.7931991),(2406,'511521','宜宾县',104.3775523,28.8398337),(2407,'511522','南溪县',104.9164832,28.8774665),(2408,'511523','江安县',105.1060939,28.657576),(2409,'511524','长宁县',104.9013877,28.5253593),(2410,'511525','高县',104.5978045,28.4636265),(2411,'511526','珙县',104.8259532,28.2471313),(2412,'511527','筠连县',104.580735,28.1147516),(2413,'511528','兴文县',105.1095593,28.2701047),(2414,'511529','屏山县',104.0108836,28.6727323),(2415,'511600','广安市',106.6332042,30.4559247),(2416,'511602','广安区',106.6416264,30.4739298),(2417,'511621','岳池县',106.4401066,30.5379241),(2418,'511622','武胜县',106.2955034,30.3480836),(2419,'511623','邻水县',106.9305325,30.3345927),(2420,'511681','华蓥市',106.7831933,30.3904051),(2421,'511700','达州市',107.5009739,31.2171048),(2422,'511702','通川区',107.5009739,31.2171048),(2423,'511721','达县',107.5117671,31.1961092),(2424,'511722','宣汉县',107.9531836,31.5197567),(2425,'511723','开江县',107.9057813,31.1283469),(2426,'511724','大竹县',107.2045469,30.7362659),(2427,'511725','渠县',106.9733727,30.8364173),(2428,'511781','万源市',108.0416,32.0681379),(2429,'511800','雅安市',103.0131662,29.9805129),(2430,'511802','雨城区',103.0331111,30.0053879),(2431,'511821','名山县',103.1091893,30.0699575),(2432,'511822','荥经县',102.8467405,29.7929283),(2433,'511823','汉源县',102.6780725,29.3516749),(2434,'511824','石棉县',102.3594582,29.2278695),(2435,'511825','天全县',102.7583134,30.0667077),(2436,'511826','芦山县',102.9283762,30.1441252),(2437,'511827','宝兴县',102.8146398,30.3681173),(2438,'511900','巴中市',106.7447305,31.8652392),(2439,'511902','巴州区',106.7688811,31.8514791),(2440,'511921','通江县',107.2449946,31.911853),(2441,'511922','南江县',106.842041,32.3529113),(2442,'511923','平昌县',107.104007,31.560875),(2443,'512000','资阳市',104.627738,30.1272472),(2444,'512002','雁江区',104.7521603,30.0740334),(2445,'512021','安岳县',105.3507221,29.9870366),(2446,'512022','乐至县',105.0274301,30.3378059),(2447,'512081','简阳市',104.5382488,30.3662937),(2448,'513200','阿坝藏族羌族自治州',102.222451,31.8991657),(2449,'513221','汶川县',103.267,31.084),(2450,'513222','理县',102.546111,30.911944),(2451,'513223','茂县',103.8534808,31.6811501),(2452,'513224','松潘县',103.5989499,32.6379835),(2453,'513225','九寨沟县',104.2355025,33.2613338),(2454,'513226','金川县',102.0638251,31.4762743),(2455,'513227','小金县',102.364372,30.9990301),(2456,'513228','黑水县',102.9901743,32.0616552),(2457,'513229','马尔康县',102.2062612,31.905842),(2458,'513230','壤塘县',100.9787536,32.2655163),(2459,'513231','阿坝县',101.7066514,32.9024612),(2460,'513232','若尔盖县',102.9618287,33.5758695),(2461,'513233','红原县',102.5444019,32.7908913),(2462,'513300','甘孜藏族自治州',101.8657064,30.1413603),(2463,'513321','康定县',101.9648302,30.0553048),(2464,'513322','泸定县',102.2346175,29.9141554),(2465,'513323','丹巴县',101.8906295,30.8786273),(2466,'513324','九龙县',101.5072989,29.0003429),(2467,'513325','雅江县',101.0144269,30.0315291),(2468,'513326','道孚县',101.1252344,30.9795408),(2469,'513327','炉霍县',100.6763721,31.3917895),(2470,'513328','甘孜县',99.9926662,31.6229368),(2471,'513329','新龙县',100.3113663,30.9391697),(2472,'513330','德格县',98.5809124,31.8061203),(2473,'513331','白玉县',98.8283193,31.2114434),(2474,'513332','石渠县',98.1028998,32.9789591),(2475,'513333','色达县',100.3327382,32.2681291),(2476,'513334','理塘县',100.2698135,29.99605),(2477,'513335','巴塘县',99.1077411,30.0045889),(2478,'513336','乡城县',99.7992897,28.9320733),(2479,'513337','稻城县',100.2984059,29.0370076),(2480,'513338','得荣县',99.2863333,28.7130413),(2481,'513400','凉山彝族自治州',102.2422886,27.9095234),(2482,'513401','西昌市',102.2652664,27.8972454),(2483,'513422','木里藏族自治县',101.2794185,27.9286069),(2484,'513423','盐源县',101.5091872,27.4226428),(2485,'513424','德昌县',102.1753299,27.4029088),(2486,'513425','会理县',102.2446167,26.6553216),(2487,'513426','会东县',102.5779617,26.6345029),(2488,'513427','宁南县',102.7598047,27.0663774),(2489,'513428','普格县',102.5399387,27.376188),(2490,'513429','布拖县',102.8073013,27.711428),(2491,'513430','金阳县',103.2487714,27.6968567),(2492,'513431','昭觉县',102.8426743,28.0141613),(2493,'513432','喜德县',102.412523,28.3067233),(2494,'513433','冕宁县',102.1770787,28.5498086),(2495,'513434','越西县',102.5076771,28.6397997),(2496,'513435','甘洛县',102.7717459,28.9660682),(2497,'513436','美姑县',103.1321812,28.3286355),(2498,'513437','雷波县',103.5717416,28.2627152),(2499,'520000','贵州省',106.7113724,26.5768738),(2500,'520100','贵阳市',106.7611027,26.5434927),(2501,'520102','南明区',106.7141533,26.5679266),(2502,'520103','云岩区',106.7248499,26.6048457),(2503,'520111','花溪区',106.6722357,26.4294123),(2504,'520112','乌当区',106.7506206,26.6287485),(2505,'520113','白云区',113.3684671,23.2705232),(2506,'520114','小河区',106.6978455,26.5120935),(2507,'520121','开阳县',107.0125008,27.0694441),(2508,'520122','息烽县',106.6817307,27.145856),(2509,'520123','修文县',106.8355286,26.9734472),(2510,'520181','清镇市',106.3369703,26.679722),(2511,'520200','六盘水市',104.8727953,26.5821372),(2512,'520201','钟山区',104.8590732,26.5845359),(2513,'520203','六枝特区',105.480026,26.2012303),(2514,'520221','水城县',104.9579501,26.5480133),(2515,'520222','盘县',104.4682646,25.7038767),(2516,'520300','遵义市',106.9090748,27.6583199),(2517,'520302','红花岗区',106.8931854,27.6451196),(2518,'520303','汇川区',106.9386756,27.7056054),(2519,'520321','遵义县',106.8298638,27.5362255),(2520,'520322','桐梓县',106.8256366,28.1335528),(2521,'520323','绥阳县',107.1903312,27.9468529),(2522,'520324','正安县',107.4439609,28.5500253),(2523,'520325','道真仡佬族苗族自治县',107.6097,28.8624057),(2524,'520326','务川仡佬族苗族自治县',107.8893471,28.5222768),(2525,'520327','凤冈县',107.7163553,27.9546907),(2526,'520328','湄潭县',107.4656439,27.7488542),(2527,'520329','余庆县',107.8882849,27.2253449),(2528,'520330','习水县',106.2034714,28.3275684),(2529,'520381','赤水市',105.7021451,28.5775499),(2530,'520382','仁怀市',106.4011502,27.7919814),(2531,'520400','安顺市',105.9386194,26.2450223),(2532,'520402','西秀区',105.9658492,26.2449165),(2533,'520421','平坝县',106.2555599,26.4054967),(2534,'520422','普定县',105.7431936,26.3014464),(2535,'520423','镇宁布依族苗族自治县',105.770402,26.0573612),(2536,'520424','关岭布依族苗族自治县',105.6215608,25.8758668),(2537,'520425','紫云苗族布依族自治县',106.0888016,25.7496518),(2538,'522200','铜仁地区',109.1876543,27.718409),(2539,'522201','铜仁市',109.1876972,27.7145054),(2540,'522222','江口县',108.8500607,27.6937503),(2541,'522223','玉屏侗族自治县',109.0453792,27.2939753),(2542,'522224','石阡县',108.2345152,27.5172065),(2543,'522225','思南县',108.25122,27.9351853),(2544,'522226','印江土家族苗族自治县',108.4032691,27.998977),(2545,'522227','德江县',108.1198561,28.2641232),(2546,'522228','沿河土家族自治县',108.5038733,28.5639251),(2547,'522229','松桃苗族自治县',109.2028892,28.1540722),(2548,'522230','万山特区',109.2116547,27.5185481),(2549,'522300','黔西南布依族苗族自治州',104.8948967,25.093547),(2550,'522301','兴义市',104.8958969,25.0868282),(2551,'522322','兴仁县',105.2890849,25.4665436),(2552,'522323','普安县',105.0026894,25.7557106),(2553,'522324','晴隆县',105.2178562,25.8405502),(2554,'522325','贞丰县',105.6981647,25.4231117),(2555,'522326','望谟县',106.1742568,25.2518962),(2556,'522327','册亨县',105.8447528,24.93042),(2557,'522328','安龙县',105.3998065,25.1334061),(2558,'522400','毕节地区',105.2883983,27.3032232),(2559,'522401','毕节市',105.2883983,27.3032232),(2560,'522422','大方县',105.7201374,27.2438991),(2561,'522423','黔西县',106.1284018,27.0584761),(2562,'522424','金沙县',106.2681448,27.4376505),(2563,'522425','织金县',105.7234848,26.6045963),(2564,'522426','纳雍县',105.2423823,26.8058397),(2565,'522427','威宁彝族回族苗族自治县',104.2019749,26.9109823),(2566,'522428','赫章县',104.620496,27.1239339),(2567,'522600','黔东南苗族侗族自治州',107.9810035,26.5830679),(2568,'522601','凯里市',107.9771118,26.5888844),(2569,'522622','黄平县',107.8912997,26.9643154),(2570,'522623','施秉县',108.192941,27.0362501),(2571,'522624','三穗县',108.7900972,26.9446723),(2572,'522625','镇远县',108.4867072,27.0987219),(2573,'522626','岑巩县',108.716948,27.364183),(2574,'522627','天柱县',109.2547202,26.9275894),(2575,'522628','锦屏县',109.1882551,26.5769176),(2576,'522629','剑河县',108.6928511,26.635999),(2577,'522630','台江县',108.3054435,26.6483984),(2578,'522631','黎平县',109.1539979,26.1357907),(2579,'522632','榕江县',108.4506047,26.0095937),(2580,'522633','从江县',108.7027431,25.7286705),(2581,'522634','雷山县',108.1697989,26.3504501),(2582,'522635','麻江县',107.6334536,26.4618426),(2583,'522636','丹寨县',107.9219627,26.2164198),(2584,'522700','黔南布依族苗族自治州',107.5112951,26.2830359),(2585,'522701','都匀市',107.488271,26.1415022),(2586,'522702','福泉市',107.5443506,26.7576435),(2587,'522722','荔波县',107.9149139,25.3828435),(2588,'522723','贵定县',107.2160375,26.436512),(2589,'522725','瓮安县',107.4060667,27.1737108),(2590,'522726','独山县',107.5436211,25.5946067),(2591,'522727','平塘县',107.1139634,25.7982587),(2592,'522728','罗甸县',106.7133057,25.4316094),(2593,'522729','长顺县',106.4114928,25.9945991),(2594,'522730','龙里县',106.9879961,26.4666257),(2595,'522731','惠水县',106.735847,25.9654915),(2596,'522732','三都水族自治县',107.9551363,25.8487383),(2597,'530000','云南省',102.704567,25.0438442),(2598,'530100','昆明市',102.7000129,25.0125259),(2599,'530102','五华区',102.6962578,25.0562214),(2600,'530103','盘龙区',102.7359009,25.0654834),(2601,'530111','官渡区',102.7515864,25.0089674),(2602,'530112','西山区',102.6904321,25.0158704),(2603,'530113','东川区',103.176727,26.088547),(2604,'530121','呈贡县',102.8516543,24.8570795),(2605,'530122','晋宁县',102.532053,24.598241),(2606,'530124','富民县',102.5796998,25.3710367),(2607,'530125','宜良县',103.2272387,24.8967818),(2608,'530126','石林彝族自治县',103.4003484,24.8088531),(2609,'530127','嵩明县',103.0039716,25.275367),(2610,'530128','禄劝彝族苗族自治县',102.5934649,25.8696114),(2611,'530129','寻甸回族彝族自治县',103.106271,25.6787974),(2612,'530181','安宁市',102.3969877,24.8140827),(2613,'530300','曲靖市',103.8014781,25.4960156),(2614,'530302','麒麟区',103.8050401,25.4951537),(2615,'530321','马龙县',103.5784578,25.4281309),(2616,'530322','陆良县',103.6667454,25.0295685),(2617,'530323','师宗县',103.9898551,24.8285237),(2618,'530324','罗平县',104.3087912,24.8846262),(2619,'530325','富源县',104.2550933,25.6742625),(2620,'530326','会泽县',103.2973623,26.41795),(2621,'530328','沾益县',103.8221097,25.60048),(2622,'530381','宣威市',104.1044712,26.2197693),(2623,'530400','玉溪市',102.5462043,24.3519252),(2624,'530402','红塔区',102.4941158,24.3395797),(2625,'530421','江川县',102.748636,24.3582099),(2626,'530422','澄江县',102.9286766,24.706769),(2627,'530423','通海县',102.6968694,24.0801344),(2628,'530424','华宁县',102.9700041,24.2768071),(2629,'530425','易门县',102.1143472,24.6989129),(2630,'530426','峨山彝族自治县',102.2397888,24.2713106),(2631,'530427','新平彝族傣族自治县',101.8283808,24.0271316),(2632,'530428','元江哈尼族彝族傣族自治县',102.0158243,23.6137879),(2633,'530500','保山市',99.1625977,25.1162128),(2634,'530502','隆阳区',99.1633379,25.1116275),(2635,'530521','施甸县',99.183476,24.7274986),(2636,'530522','腾冲县',98.4900069,25.0206149),(2637,'530523','龙陵县',98.6891663,24.5866903),(2638,'530524','昌宁县',99.6051407,24.8278519),(2639,'530600','昭通市',103.7140167,27.3392446),(2640,'530602','昭阳区',103.7065387,27.3200772),(2641,'530621','鲁甸县',103.5580409,27.1866526),(2642,'530622','巧家县',102.9301679,26.9084566),(2643,'530623','盐津县',104.2344403,28.1087141),(2644,'530624','大关县',103.8913536,27.7480376),(2645,'530625','永善县',103.6367691,28.2305905),(2646,'530626','绥江县',103.9540207,28.5396299),(2647,'530627','镇雄县',104.8736429,27.4416401),(2648,'530628','彝良县',104.0482843,27.625416),(2649,'530629','威信县',105.0489306,27.8469786),(2650,'530630','水富县',104.2285287,28.5013003),(2651,'530700','丽江市',100.2299452,26.8760955),(2652,'530702','古城区',100.2256966,26.8768133),(2653,'530721','玉龙纳西族自治县',100.2370048,26.8214282),(2654,'530722','永胜县',100.750798,26.684218),(2655,'530723','华坪县',101.2658894,26.6296405),(2656,'530724','宁蒗彝族自治县',100.8519495,27.2821997),(2657,'530800','普洱市',100.9705353,22.7777939),(2658,'530802','思茅区',100.8607364,22.6976541),(2659,'530821','宁洱哈尼族彝族自治县',101.0453367,23.061688),(2660,'530822','墨江哈尼族自治县',101.6924572,23.4318967),(2661,'530823','景东彝族自治县',100.7097867,24.6157006),(2662,'530824','景谷傣族彝族自治县',100.439656,23.2242813),(2663,'530825','镇沅彝族哈尼族拉祜族自治县',101.1085939,24.0044444),(2664,'530826','江城哈尼族彝族自治县',101.862123,22.5858708),(2665,'530827','孟连傣族拉祜族佤族自治县',99.456155,22.2484641),(2666,'530828','澜沧拉祜族自治县',99.932102,22.5558822),(2667,'530829','西盟佤族自治县',99.5901203,22.6445117),(2668,'530900','临沧市',100.0927556,23.880344),(2669,'530902','临翔区',100.0825524,23.8951568),(2670,'530921','凤庆县',99.92854,24.5804463),(2671,'530922','云县',100.1232469,24.43706),(2672,'530923','永德县',99.2532885,24.0279351),(2673,'530924','镇康县',98.8252401,23.7633418),(2674,'530925','双江拉祜族佤族布朗族傣族自治县',99.8276997,23.473501),(2675,'530926','耿马傣族佤族自治县',99.4118607,23.5310778),(2676,'530927','沧源佤族自治县',99.2460465,23.1468514),(2677,'532300','楚雄彝族自治州',101.5447211,25.0549287),(2678,'532301','楚雄市',101.5461588,25.0329028),(2679,'532322','双柏县',101.6419351,24.6888728),(2680,'532323','牟定县',101.5465665,25.3131202),(2681,'532324','南华县',101.2735498,25.1922918),(2682,'532325','姚安县',101.2415564,25.5043339),(2683,'532326','大姚县',101.3243294,25.7221463),(2684,'532327','永仁县',101.6698408,26.0563492),(2685,'532328','元谋县',101.8744719,25.7045534),(2686,'532329','武定县',102.404938,25.532528),(2687,'532331','禄丰县',102.0790172,25.1501988),(2688,'532500','红河哈尼族彝族自治州',103.1800318,23.4301346),(2689,'532501','个旧市',103.1600332,23.3591192),(2690,'532502','开远市',103.267858,23.7142856),(2691,'532522','蒙自县',103.3880854,23.3656099),(2692,'532523','屏边苗族自治县',103.687613,22.9835626),(2693,'532524','建水县',102.8265917,23.6347448),(2694,'532525','石屏县',102.4913907,23.7148356),(2695,'532526','弥勒县',103.4431672,24.4084959),(2696,'532527','泸西县',103.766191,24.5320248),(2697,'532528','元阳县',102.8352177,23.2199422),(2698,'532529','红河县',102.4206018,23.3691653),(2699,'532530','金平苗族瑶族傣族自治县',103.0865729,22.7921862),(2700,'532531','绿春县',102.3923528,22.9941703),(2701,'532532','河口瑶族自治县',103.9392793,22.5294645),(2702,'532600','文山壮族苗族自治州',104.254632,23.3802939),(2703,'532621','文山县',104.2507267,23.3629998),(2704,'532622','砚山县',104.3371689,23.6057267),(2705,'532623','西畴县',104.6722519,23.4374683),(2706,'532624','麻栗坡县',104.7028291,23.125462),(2707,'532625','马关县',104.3941605,23.0129143),(2708,'532626','丘北县',104.1958165,24.0419178),(2709,'532627','广南县',105.0552607,24.0464836),(2710,'532628','富宁县',105.6309056,23.6253186),(2711,'532800','西双版纳傣族自治州',100.7992601,22.0108892),(2712,'532801','景洪市',100.7997751,22.0107102),(2713,'532822','勐海县',100.4525471,21.9573552),(2714,'532823','勐腊县',101.5675199,21.4758338),(2715,'532900','大理白族自治州',100.2221239,25.5842336),(2716,'532901','大理市',100.2221239,25.5842336),(2717,'532922','漾濞彝族自治县',99.9580121,25.6701528),(2718,'532923','祥云县',100.5562091,25.4744861),(2719,'532924','宾川县',100.5751455,25.827253),(2720,'532925','弥渡县',100.4913211,25.3437545),(2721,'532926','南涧彝族自治县',100.5096138,25.0432261),(2722,'532927','巍山彝族回族自治县',100.3071713,25.2272078),(2723,'532928','永平县',99.5412397,25.4646838),(2724,'532929','云龙县',99.3710482,25.8856644),(2725,'532930','洱源县',99.9510491,26.1111595),(2726,'532931','剑川县',99.9055481,26.5370427),(2727,'532932','鹤庆县',100.1764297,26.5602304),(2728,'533100','德宏傣族景颇族自治州',98.5669327,24.4484388),(2729,'533102','瑞丽市',97.8518879,24.012775),(2730,'533103','潞西市',98.5886371,24.4337389),(2731,'533122','梁河县',98.2948923,24.8070125),(2732,'533123','盈江县',97.9318607,24.7052485),(2733,'533124','陇川县',97.7921069,24.1829619),(2734,'533300','怒江傈僳族自治州',98.9029491,25.858345),(2735,'533321','泸水县',98.857727,25.841921),(2736,'533323','福贡县',98.8692069,26.9017306),(2737,'533324','贡山独龙族怒族自治县',98.6658204,27.7407357),(2738,'533325','兰坪白族普米族自治县',99.4166887,26.4536014),(2739,'533400','迪庆藏族自治州',99.7090173,27.8590162),(2740,'533421','香格里拉县',99.7060132,27.8230796),(2741,'533422','德钦县',98.9115429,28.4861098),(2742,'533423','维西傈僳族自治县',99.2871702,27.1771659),(2743,'540000','西藏自治区',91.1320496,29.657589),(2744,'540100','拉萨市',91.1251009,29.6568428),(2745,'540102','城关区',91.1408186,29.6457567),(2746,'540121','林周县',91.2649083,29.8936945),(2747,'540122','当雄县',91.0993946,30.474984),(2748,'540123','尼木县',90.168668,29.4271233),(2749,'540124','曲水县',90.746448,29.3575568),(2750,'540125','堆龙德庆县',91.010195,29.6447683),(2751,'540126','达孜县',91.3498592,29.6702303),(2752,'540127','墨竹工卡县',91.7309582,29.8348924),(2753,'542100','昌都地区',97.150265,31.1815618),(2754,'542121','昌都县',97.1804345,31.1385032),(2755,'542122','江达县',98.2184279,31.4992018),(2756,'542123','贡觉县',98.270967,30.8600988),(2757,'542124','类乌齐县',96.6002512,31.2115994),(2758,'542125','丁青县',95.5957639,31.4124028),(2759,'542126','察雅县',97.568754,30.6539452),(2760,'542127','八宿县',96.9178355,30.0532061),(2761,'542128','左贡县',97.8409338,29.671116),(2762,'542129','芒康县',98.593111,29.6799063),(2763,'542132','洛隆县',95.8245993,30.7415222),(2764,'542133','边坝县',94.7078025,30.9336482),(2765,'542200','山南地区',91.804955,29.2406678),(2766,'542221','乃东县',91.7765961,29.2273808),(2767,'542222','扎囊县',91.3372529,29.2451145),(2768,'542223','贡嘎县',90.9438468,29.1822688),(2769,'542224','桑日县',92.0158195,29.2591929),(2770,'542225','琼结县',91.6842127,29.0243059),(2771,'542226','曲松县',92.2236667,28.9345856),(2772,'542227','措美县',91.443469,28.5721595),(2773,'542228','洛扎县',90.8294002,28.2033764),(2774,'542229','加查县',92.5939965,29.1402891),(2775,'542231','隆子县',92.8577105,28.5498574),(2776,'542232','错那县',91.957165,27.9910951),(2777,'542233','浪卡子县',90.4502368,28.8589326),(2778,'542300','日喀则地区',88.8883853,29.2717159),(2779,'542301','日喀则市',88.8883853,29.2717159),(2780,'542322','南木林县',89.0992391,29.6823391),(2781,'542323','江孜县',89.6055758,28.9116578),(2782,'542324','定日县',87.1261203,28.6587434),(2783,'542325','萨迦县',88.0216241,28.8993164),(2784,'542326','拉孜县',87.6370382,29.0816574),(2785,'542327','昂仁县',87.2360051,29.294811),(2786,'542328','谢通门县',88.2616603,29.4324869),(2787,'542329','白朗县',89.2621887,29.1057703),(2788,'542330','仁布县',89.8419857,29.2309311),(2789,'542331','康马县',89.6839285,28.5556609),(2790,'542332','定结县',87.7658701,28.3641577),(2791,'542333','仲巴县',84.031527,29.7702819),(2792,'542334','亚东县',88.907032,27.4848218),(2793,'542335','吉隆县',85.2975297,28.8523983),(2794,'542336','聂拉木县',85.9822333,28.1551127),(2795,'542337','萨嘎县',85.2333176,29.3284804),(2796,'542338','岗巴县',88.5200322,28.2746024),(2797,'542400','那曲地区',92.0592928,31.452426),(2798,'542421','那曲县',92.0534992,31.4696402),(2799,'542422','嘉黎县',93.2325232,30.6408106),(2800,'542423','比如县',93.6796367,31.4802454),(2801,'542424','聂荣县',92.3033416,32.1077696),(2802,'542425','安多县',91.6823351,32.2651716),(2803,'542426','申扎县',88.7098575,30.9305008),(2804,'542427','索县',93.7856269,31.8869139),(2805,'542428','班戈县',90.0099564,31.3924122),(2806,'542429','巴青县',94.0534616,31.9185649),(2807,'542430','尼玛县',87.2367668,31.7847002),(2808,'542500','阿里地区',80.1027453,32.5516967),(2809,'542521','普兰县',81.1762404,30.2944055),(2810,'542522','札达县',79.8027027,31.4792115),(2811,'542523','噶尔县',80.0964153,32.4914837),(2812,'542524','日土县',79.7324288,33.3813578),(2813,'542525','革吉县',81.145438,32.3872369),(2814,'542526','改则县',84.062587,32.3027135),(2815,'542527','措勤县',85.1594925,31.0167685),(2816,'542600','林芝地区',94.4083178,29.6352102),(2817,'542621','林芝县',94.3610895,29.6365717),(2818,'542622','工布江达县',93.2460737,29.8852764),(2819,'542623','米林县',94.2134607,29.215697),(2820,'542624','墨脱县',95.3331971,29.3253001),(2821,'542625','波密县',95.7679081,29.8590315),(2822,'542626','察隅县',97.4669158,28.6612758),(2823,'542627','朗县',93.074702,29.0463405),(2824,'610000','陕西省',108.949028,34.2616844),(2825,'610100','西安市',108.9442599,34.2648777),(2826,'610102','新城区',109.0108216,34.2657555),(2827,'610103','碑林区',108.9531755,34.2489514),(2828,'610104','莲湖区',108.900497,34.2660215),(2829,'610111','灞桥区',109.1371322,34.3111495),(2830,'610112','未央区',108.9196265,34.3445345),(2831,'610113','雁塔区',108.933531,34.2143662),(2832,'610114','阎良区',109.2986441,34.668185),(2833,'610115','临潼区',109.2864347,34.4760311),(2834,'610116','长安区',108.9294755,34.0537439),(2835,'610122','蓝田县',109.4404042,34.0888392),(2836,'610124','周至县',108.2014704,33.9810276),(2837,'610125','户县',108.5701561,34.0133605),(2838,'610126','高陵县',109.0656674,34.5080066),(2839,'610200','铜川市',108.9805126,34.9089154),(2840,'610202','王益区',109.0756452,35.0689676),(2841,'610203','印台区',109.1002142,35.1144938),(2842,'610204','耀州区',108.9805126,34.9089154),(2843,'610222','宜君县',109.1169298,35.3985744),(2844,'610300','宝鸡市',106.9516039,34.4267353),(2845,'610302','渭滨区',107.1499157,34.3711585),(2846,'610303','金台区',107.1469116,34.3761264),(2847,'610304','陈仓区',107.3874629,34.3544553),(2848,'610322','凤翔县',107.416141,34.5503357),(2849,'610323','岐山县',107.7174926,34.3731422),(2850,'610324','扶风县',107.8984237,34.4146192),(2851,'610326','眉县',107.8439748,34.1574503),(2852,'610327','陇县',106.8122685,34.8820849),(2853,'610328','千阳县',107.1162379,34.738033),(2854,'610329','麟游县',107.7060771,34.7630067),(2855,'610330','凤县',106.77122,33.9783941),(2856,'610331','太白县',107.249372,33.9762055),(2857,'610400','咸阳市',108.7650347,34.3663144),(2858,'610402','秦都区',108.714931,34.3380499),(2859,'610403','杨凌区',108.0847299,34.2721127),(2860,'610404','渭城区',108.7222803,34.3319813),(2861,'610422','三原县',108.9404511,34.6171663),(2862,'610423','泾阳县',108.842572,34.5267564),(2863,'610424','乾县',108.2394719,34.5275519),(2864,'610425','礼泉县',108.4250164,34.4817622),(2865,'610426','永寿县',108.1423116,34.69198),(2866,'610427','彬县',108.0813181,35.0355309),(2867,'610428','长武县',107.798785,35.2058821),(2868,'610429','旬邑县',108.3341432,35.111817),(2869,'610430','淳化县',108.5806704,34.7988187),(2870,'610431','武功县',108.1744981,34.3192401),(2871,'610481','兴平市',108.4905052,34.2995219),(2872,'610500','渭南市',109.5097876,34.4999962),(2873,'610502','临渭区',109.4929647,34.4982189),(2874,'610521','华县',109.7720003,34.5127099),(2875,'610522','潼关县',110.246526,34.5442912),(2876,'610523','大荔县',109.9413764,34.7965104),(2877,'610524','合阳县',110.1553953,35.2324661),(2878,'610525','澄城县',109.9363768,35.1781142),(2879,'610526','蒲城县',109.5920348,34.9543021),(2880,'610527','白水县',109.5976675,35.1809817),(2881,'610528','富平县',109.1789532,34.7575683),(2882,'610581','韩城市',110.4488504,35.4740916),(2883,'610582','华阴市',110.092299,34.566081),(2884,'610600','延安市',109.4896388,36.5854243),(2885,'610602','宝塔区',109.56797,36.4583618),(2886,'610621','延长县',110.0118327,36.5800484),(2887,'610622','延川县',110.1935148,36.8781187),(2888,'610623','子长县',109.6752584,37.1424614),(2889,'610624','安塞县',109.3288779,36.8639054),(2890,'610625','志丹县',108.7684357,36.8221942),(2891,'610626','吴起县',108.1759357,36.9272186),(2892,'610627','甘泉县',109.3511188,36.2762476),(2893,'610628','富县',109.3797112,35.9880075),(2894,'610629','洛川县',109.4323683,35.7619755),(2895,'610630','宜川县',110.1642573,36.0518313),(2896,'610631','黄龙县',109.8402572,35.5844556),(2897,'610632','黄陵县',109.2597198,35.5905892),(2898,'610700','汉中市',107.031898,33.068384),(2899,'610702','汉台区',107.031877,33.0677455),(2900,'610721','南郑县',106.9361436,32.999324),(2901,'610722','城固县',107.3337328,33.1567836),(2902,'610723','洋县',107.5455093,33.2228568),(2903,'610724','西乡县',107.7666092,32.9830991),(2904,'610725','勉县',106.6730404,33.1535501),(2905,'610726','宁强县',106.2571692,32.8296926),(2906,'610727','略阳县',106.1567152,33.3272832),(2907,'610728','镇巴县',107.894969,32.5366925),(2908,'610729','留坝县',106.9212306,33.6177643),(2909,'610730','佛坪县',107.990638,33.524483),(2910,'610800','榆林市',109.7352111,38.2855239),(2911,'610802','榆阳区',109.7347391,38.2784412),(2912,'610821','神木县',110.4990399,38.8425321),(2913,'610822','府谷县',111.0672712,39.0281189),(2914,'610823','横山县',109.2942131,37.9624538),(2915,'610824','靖边县',108.7940884,37.5992552),(2916,'610825','定边县',107.6012671,37.5946138),(2917,'610826','绥德县',110.2633595,37.5029425),(2918,'610827','米脂县',110.1840091,37.7548709),(2919,'610828','佳县',110.4913473,38.019486),(2920,'610829','吴堡县',110.7396984,37.4520184),(2921,'610830','清涧县',110.1212132,37.088879),(2922,'610831','子洲县',110.0351679,37.6105599),(2923,'610900','安康市',109.0293074,32.6847801),(2924,'610902','汉滨区',109.0268397,32.695173),(2925,'610921','汉阴县',108.5087335,32.8929934),(2926,'610922','石泉县',108.2477438,33.0378452),(2927,'610923','宁陕县',108.3143914,33.3103298),(2928,'610924','紫阳县',108.5351694,32.5198493),(2929,'610925','岚皋县',108.9028251,32.3067216),(2930,'610926','平利县',109.3618691,32.3888495),(2931,'610927','镇坪县',109.526943,31.8836434),(2932,'610928','旬阳县',109.3619335,32.8320906),(2933,'610929','白河县',110.1125443,32.8090993),(2934,'611000','商洛市',109.941237,33.8627007),(2935,'611002','商州区',109.941237,33.8627007),(2936,'611021','洛南县',110.1487648,34.0905718),(2937,'611022','丹凤县',110.3273356,33.6957801),(2938,'611023','商南县',110.8818018,33.5309941),(2939,'611024','山阳县',109.8821425,33.5320047),(2940,'611025','镇安县',109.1526568,33.423311),(2941,'611026','柞水县',109.1140866,33.6862373),(2942,'620000','甘肃省',103.7500534,36.0680389),(2943,'620100','兰州市',103.7572432,36.0758983),(2944,'620102','城关区',103.825436,36.057287),(2945,'620103','七里河区',103.7857926,36.0659862),(2946,'620104','西固区',103.6279714,36.0884536),(2947,'620105','安宁区',103.7172246,36.1041968),(2948,'620111','红古区',102.9244065,36.3313069),(2949,'620121','永登县',103.2608843,36.7361844),(2950,'620122','皋兰县',103.9475298,36.3321107),(2951,'620123','榆中县',104.1125822,35.8430908),(2952,'620200','嘉峪关市',98.2778871,39.783559),(2953,'620300','金昌市',102.1937621,38.5210159),(2954,'620302','金川区',102.1937621,38.5210159),(2955,'620321','永昌县',101.9690573,38.2482412),(2956,'620400','白银市',104.1416359,36.54763),(2957,'620402','白银区',104.1735542,36.5441134),(2958,'620403','平川区',104.8251486,36.7281276),(2959,'620421','靖远县',104.6870255,36.565168),(2960,'620422','会宁县',105.0530827,35.6931166),(2961,'620423','景泰县',104.060837,37.1865017),(2962,'620500','天水市',105.7260275,34.568696),(2963,'620502','秦州区',105.7242143,34.5808869),(2964,'620503','麦积区',106.0005033,34.4062104),(2965,'620521','清水县',106.137296,34.7498641),(2966,'620522','秦安县',105.669626,34.8588465),(2967,'620523','甘谷县',105.3304017,34.7276112),(2968,'620524','武山县',104.8907661,34.7213327),(2969,'620525','张家川回族自治县',106.2120652,34.9947245),(2970,'620600','武威市',102.6420343,37.9283232),(2971,'620602','凉州区',102.6420343,37.9283232),(2972,'620621','民勤县',103.0937719,38.6244062),(2973,'620622','古浪县',102.8975415,37.4701919),(2974,'620623','天祝藏族自治县',103.1418157,36.9718125),(2975,'620700','张掖市',100.4610765,38.9312134),(2976,'620702','甘州区',100.452708,38.9294774),(2977,'620721','肃南裕固族自治县',99.6155584,38.8369666),(2978,'620722','民乐县',100.8127463,38.4306311),(2979,'620723','临泽县',100.1644456,39.1526439),(2980,'620724','高台县',99.8193204,39.377734),(2981,'620725','山丹县',101.0885739,38.784674),(2982,'620800','平凉市',106.6975343,35.5299474),(2983,'620802','崆峒区',106.6748321,35.5426329),(2984,'620821','泾川县',107.3676574,35.3326499),(2985,'620822','灵台县',107.6211262,35.0653584),(2986,'620823','崇信县',107.0354283,35.30229),(2987,'620824','华亭县',106.6531491,35.2182505),(2988,'620825','庄浪县',106.0366273,35.2023579),(2989,'620826','静宁县',105.7325613,35.5219754),(2990,'620900','酒泉市',98.4964657,39.7336931),(2991,'620902','肃州区',98.5077524,39.7450617),(2992,'620921','金塔县',98.9055884,39.9827352),(2993,'620922','瓜州县',95.7823062,40.5205443),(2994,'620923','肃北蒙古族自治县',94.8770714,39.512575),(2995,'620924','阿克塞哈萨克族自治县',94.3403077,39.6339357),(2996,'620981','玉门市',97.0455301,40.2918512),(2997,'620982','敦煌市',94.6618831,40.1421317),(2998,'621000','庆阳市',107.6325095,35.7386576),(2999,'621002','西峰区',107.6510811,35.7306541),(3000,'621021','庆城县',107.8818047,36.0163029),(3001,'621022','环县',107.3085952,36.5707604),(3002,'621023','华池县',107.9900372,36.4613561),(3003,'621024','合水县',108.0195308,35.8192399),(3004,'621025','正宁县',108.3599782,35.4918876),(3005,'621026','宁县',107.928282,35.502282),(3006,'621027','镇原县',107.2008348,35.6774657),(3007,'621100','定西市',104.610604,35.58066),(3008,'621102','安定区',104.610604,35.58066),(3009,'621121','通渭县',105.2422428,35.2108787),(3010,'621122','陇西县',104.6349692,35.0039174),(3011,'621123','渭源县',104.2153966,35.1367912),(3012,'621124','临洮县',103.8604224,35.3751942),(3013,'621125','漳县',104.4716227,34.8485543),(3014,'621126','岷县',104.0368366,34.4380798),(3015,'621200','陇南市',104.9225342,33.4005814),(3016,'621202','武都区',104.9265254,33.3923944),(3017,'621221','成县',105.730083,33.7397043),(3018,'621222','文县',104.6833777,32.9438158),(3019,'621223','宕昌县',104.3936884,34.046988),(3020,'621224','康县',105.6086755,33.3291209),(3021,'621225','西和县',105.2987516,34.0142143),(3022,'621226','礼县',105.1785994,34.1889971),(3023,'621227','徽县',106.0877073,33.7688022),(3024,'621228','两当县',106.3049769,33.9088545),(3025,'622900','临夏回族自治州',103.2010818,35.5913832),(3026,'622901','临夏市',102.9955602,35.4916168),(3027,'622921','临夏县',102.9955602,35.4916168),(3028,'622922','康乐县',103.7087274,35.3698402),(3029,'622923','永靖县',103.3158374,35.9416801),(3030,'622924','广河县',103.5693276,35.48102),(3031,'622925','和政县',103.3509958,35.4246056),(3032,'622926','东乡族自治县',103.3893406,35.6637556),(3033,'622927','积石山保安族东乡族撒拉族自治县',102.8758478,35.7176587),(3034,'623000','甘南藏族自治州',102.8992152,34.9854426),(3035,'623001','合作市',102.9108131,35.0004899),(3036,'623021','临潭县',103.3531308,34.6926592),(3037,'623022','卓尼县',103.5071111,34.5895873),(3038,'623023','舟曲县',104.3714583,33.7848009),(3039,'623024','迭部县',103.2218742,34.0559394),(3040,'623025','玛曲县',102.0726871,33.9977604),(3041,'623026','碌曲县',102.4889231,34.5904175),(3042,'623027','夏河县',102.5217319,35.2025595),(3043,'630000','青海省',101.7874527,36.6094475),(3044,'630100','西宁市',101.784693,36.6306136),(3045,'630102','城东区',101.8039513,36.5997066),(3046,'630103','城中区',101.787107,36.6234154),(3047,'630104','城西区',101.7658854,36.6282889),(3048,'630105','城北区',101.7660248,36.6504654),(3049,'630121','大通回族土族自治县',101.6856229,36.9269698),(3050,'630122','湟中县',101.6157773,36.4716179),(3051,'630123','湟源县',101.207047,36.6390671),(3052,'632100','海东地区',102.0862591,36.5091877),(3053,'632121','平安县',101.9781876,36.3938585),(3054,'632122','民和回族土族自治县',102.7963686,36.3270284),(3055,'632123','乐都县',102.4382401,36.5098862),(3056,'632126','互助土族自治县',102.1521235,36.8521448),(3057,'632127','化隆回族自治县',102.2290492,36.0973919),(3058,'632128','循化撒拉族自治县',102.475158,35.677884),(3059,'632200','海北藏族自治州',100.9729171,36.9433152),(3060,'632221','门源回族自治县',101.760864,37.503189),(3061,'632222','祁连县',99.6284544,38.2597161),(3062,'632223','海晏县',100.9949327,36.8969542),(3063,'632224','刚察县',100.1467001,37.3215658),(3064,'632300','黄南藏族自治州',102.0273364,35.5399353),(3065,'632321','同仁县',102.0602632,35.3916564),(3066,'632322','尖扎县',101.7862487,35.8740115),(3067,'632323','泽库县',101.388799,35.1684322),(3068,'632324','河南蒙古族自治县',101.5159893,34.5667966),(3069,'632500','海南藏族自治州',100.6377268,36.3243834),(3070,'632521','共和县',99.9567997,36.4072781),(3071,'632522','同德县',100.618093,35.1492929),(3072,'632523','贵德县',101.4771831,35.9343659),(3073,'632524','兴海县',99.5635879,35.5586594),(3074,'632525','贵南县',101.0426652,35.5914879),(3075,'632600','果洛藏族自治州',100.2954233,34.4774993),(3076,'632621','玛沁县',99.6734834,34.5688551),(3077,'632622','班玛县',100.5401909,32.8929573),(3078,'632623','甘德县',100.1406598,34.1541653),(3079,'632624','达日县',99.4474804,33.4516833),(3080,'632625','久治县',101.1348045,33.4254511),(3081,'632626','玛多县',98.3043122,34.81124),(3082,'632700','玉树藏族自治州',97.0129681,33.0183078),(3083,'632721','玉树县',96.6773701,32.7756205),(3084,'632722','杂多县',94.3776119,32.9548356),(3085,'632723','称多县',96.9991386,34.0554505),(3086,'632724','治多县',92.8896296,34.7868273),(3087,'632725','囊谦县',96.2246239,32.2723111),(3088,'632726','曲麻莱县',95.6305897,34.8246283),(3089,'632800','海西蒙古族藏族自治州',93.2945359,38.1313666),(3090,'632801','格尔木市',94.9037325,36.4016221),(3091,'632802','德令哈市',97.36099,37.3694324),(3092,'632821','乌兰县',98.48019,36.9297486),(3093,'632822','都兰县',98.087182,36.29779),(3094,'632823','天峻县',99.022876,37.3012141),(3095,'640000','宁夏回族自治区',106.2719421,38.4680099),(3096,'640100','银川市',106.273241,38.4751111),(3097,'640104','兴庆区',106.2886155,38.4736412),(3098,'640105','西夏区',106.1503744,38.4911353),(3099,'640106','金凤区',106.2422025,38.4733136),(3100,'640121','永宁县',106.2531245,38.2773041),(3101,'640122','贺兰县',106.3259089,38.5432566),(3102,'640181','灵武市',106.6291304,37.8788696),(3103,'640200','石嘴山市',106.3682878,39.0188419),(3104,'640202','大武口区',106.3771713,39.0122565),(3105,'640205','惠农区',106.6541469,39.1859571),(3106,'640221','平罗县',106.5471911,38.9060625),(3107,'640300','吴忠市',106.2003386,37.9980819),(3108,'640302','利通区',106.2031174,37.9851198),(3109,'640323','盐池县',107.4071503,37.7828667),(3110,'640324','同心县',105.914458,36.9805722),(3111,'640381','青铜峡市',106.0787272,38.0212609),(3112,'640400','固原市',106.2426102,36.0159297),(3113,'640402','原州区',106.2801611,36.1099784),(3114,'640422','西吉县',105.7132494,35.8891805),(3115,'640423','隆德县',106.0461223,35.5558139),(3116,'640424','泾源县',106.3679123,35.444318),(3117,'640425','彭阳县',106.6822886,35.9511301),(3118,'640500','中卫市',105.1738358,37.5169425),(3119,'640502','沙坡头区',104.9312568,37.3466544),(3120,'640521','中宁县',105.6852686,37.4915108),(3121,'640522','海原县',105.6881788,36.6763091),(3122,'650000','新疆维吾尔自治区',87.6061172,43.7909393),(3123,'650100','乌鲁木齐市',87.6051629,43.8103137),(3124,'650102','天山区',87.6316738,43.7944012),(3125,'650103','沙依巴克区',87.5978887,43.8011849),(3126,'650104','新市区',87.5739634,43.8436738),(3127,'650105','水磨沟区',87.6424992,43.8324759),(3128,'650106','头屯河区',87.4291348,43.8772626),(3129,'650107','达坂城区',88.306936,43.3586204),(3130,'650109','米东区',87.6804578,43.9452102),(3131,'650121','乌鲁木齐县',87.4473417,43.4440861),(3132,'650200','克拉玛依市',84.8904026,45.5804213),(3133,'650202','独山子区',84.8869693,44.3280924),(3134,'650203','克拉玛依区',84.8865294,45.5827716),(3135,'650204','白碱滩区',85.1316941,45.6878575),(3136,'650205','乌尔禾区',85.6937456,46.0891489),(3137,'652100','吐鲁番地区',89.2106903,43.0069616),(3138,'652101','吐鲁番市',89.1859281,42.9423263),(3139,'652122','鄯善县',90.2157032,42.8566904),(3140,'652123','托克逊县',88.6482954,42.7994234),(3141,'652200','哈密地区',93.550204,42.899146),(3142,'652201','哈密市',93.5145307,42.8270013),(3143,'652222','巴里坤哈萨克自治县',93.0333316,44.2121873),(3144,'652223','伊吾县',94.6972561,43.2548225),(3145,'652300','昌吉回族自治州',87.9882252,44.0044299),(3146,'652301','昌吉市',87.3038006,44.0139366),(3147,'652302','阜康市',87.987324,44.157024),(3148,'652323','呼图壁县',86.898905,44.1914283),(3149,'652324','玛纳斯县',86.3194299,44.3168016),(3150,'652325','奇台县',89.5938599,44.0219991),(3151,'652327','吉木萨尔县',89.1806602,44.0005017),(3152,'652328','木垒哈萨克自治县',90.2819538,43.8344494),(3153,'652700','博尔塔拉蒙古自治州',82.0787179,44.912555),(3154,'652701','博乐市',82.0713043,44.9005261),(3155,'652722','精河县',82.8941846,44.6003607),(3156,'652723','温泉县',81.0248458,44.968859),(3157,'652800','巴音郭楞蒙古自治州',86.1827338,41.8973579),(3158,'652801','库尔勒市',86.1552894,41.7660224),(3159,'652822','轮台县',84.2519295,41.7777927),(3160,'652823','尉犁县',86.2636292,41.3381779),(3161,'652824','若羌县',88.1689632,39.0192254),(3162,'652825','且末县',85.5296266,38.145636),(3163,'652826','焉耆回族自治县',86.5740788,42.0597921),(3164,'652827','和静县',86.3840604,42.3236034),(3165,'652828','和硕县',86.8639612,42.2683697),(3166,'652829','博湖县',86.6319931,41.9801502),(3167,'652900','阿克苏地区',80.2445269,41.1239219),(3168,'652901','阿克苏市',80.2633882,41.1675497),(3169,'652922','温宿县',80.2389586,41.2767744),(3170,'652923','库车县',82.9620123,41.7179023),(3171,'652924','沙雅县',82.7818215,41.2216643),(3172,'652925','新和县',82.6090872,41.5481184),(3173,'652926','拜城县',81.8741512,41.7969119),(3174,'652927','乌什县',79.2244399,41.2146513),(3175,'652928','阿瓦提县',80.3753436,40.6431926),(3176,'652929','柯坪县',79.047296,40.5083422),(3177,'653000','克孜勒苏柯尔克孜自治州',76.6699898,39.887809),(3178,'653001','阿图什市',76.1682773,39.7161498),(3179,'653022','阿克陶县',75.9470379,39.1480928),(3180,'653023','阿合奇县',78.4460735,40.9369399),(3181,'653024','乌恰县',75.2590513,39.7193188),(3182,'653100','喀什地区',75.9993732,39.4657023),(3183,'653101','喀什市',75.9937942,39.4676901),(3184,'653121','疏附县',75.8629239,39.3750055),(3185,'653122','疏勒县',76.0481358,39.4013821),(3186,'653123','英吉沙县',76.1755836,38.9307209),(3187,'653124','泽普县',77.2718346,38.193917),(3188,'653125','莎车县',77.2460103,38.4142908),(3189,'653126','叶城县',77.4136913,37.8830677),(3190,'653127','麦盖提县',77.6422155,38.8966109),(3191,'653128','岳普湖县',76.7777717,39.2332171),(3192,'653129','伽师县',76.7237198,39.488178),(3193,'653130','巴楚县',78.5492957,39.7851584),(3194,'653131','塔什库尔干塔吉克自治县',75.2245367,37.7728604),(3195,'653200','和田地区',79.7640789,37.229645),(3196,'653201','和田市',79.305582,36.2116625),(3197,'653221','和田县',79.305582,36.2116625),(3198,'653222','墨玉县',79.73804,37.2763835),(3199,'653223','皮山县',78.2836711,37.6214465),(3200,'653224','洛浦县',80.1889837,37.0736692),(3201,'653225','策勒县',80.8100009,36.998577),(3202,'653226','于田县',81.6774917,36.8571325),(3203,'653227','民丰县',82.6958621,37.0640813),(3204,'654000','伊犁哈萨克自治州',81.3383317,43.9232522),(3205,'654002','伊宁市',81.5274489,43.9771359),(3206,'654003','奎屯市',84.9185336,44.4338871),(3207,'654021','伊宁县',81.5274489,43.9771359),(3208,'654022','察布查尔锡伯自治县',81.1756289,43.8373128),(3209,'654023','霍城县',80.8741808,44.0535906),(3210,'654024','巩留县',82.2317219,43.4826247),(3211,'654025','新源县',83.2607675,43.4299307),(3212,'654026','昭苏县',81.1227572,43.1589872),(3213,'654027','特克斯县',81.8362033,43.2171866),(3214,'654028','尼勒克县',82.4987626,43.7897234),(3215,'654200','塔城地区',83.0147874,46.752263),(3216,'654201','塔城市',82.9789317,46.7485213),(3217,'654202','乌苏市',84.678551,44.4355112),(3218,'654221','额敏县',83.6283052,46.5246708),(3219,'654223','沙湾县',85.6194162,44.3263886),(3220,'654224','托里县',83.6061716,45.9367809),(3221,'654225','裕民县',82.9826653,46.2011018),(3222,'654226','和布克赛尔蒙古自治县',85.730052,46.7930671),(3223,'654300','阿勒泰地区',88.0690134,47.8100491),(3224,'654301','阿勒泰市',87.7695715,47.9321015),(3225,'654321','布尔津县',87.2636104,48.3052634),(3226,'654322','富蕴县',89.4775379,46.5237923),(3227,'654323','福海县',88.0380392,46.59134),(3228,'654324','哈巴河县',86.4275336,48.435771),(3229,'654325','青河县',90.4287028,46.1696225),(3230,'654326','吉木乃县',86.2965667,47.4733373),(3231,'659001','石河子市',86.0369016,44.2959525),(3232,'659002','阿拉尔市',81.2803853,40.5462871),(3233,'659003','图木舒克市',79.0687752,39.8649031),(3234,'659004','五家渠市',87.5263488,44.1594024),(3235,'810000','香港特别行政区',114.139452,22.391577),(3236,'810100','香港特别行政区',114.139452,22.391577),(3237,'820000','澳门特别行政区',113.5678411,22.167654),(3238,'820100','澳门特别行政区',113.5678411,22.167654);
/*!40000 ALTER TABLE `city` ENABLE KEYS */;
UNLOCK TABLES;

--
-- Table structure for table `device`
--

DROP TABLE IF EXISTS `device`;
/*!40101 SET @saved_cs_client     = @@character_set_client */;
/*!40101 SET character_set_client = utf8 */;
CREATE TABLE `device` (
  `id` int(11) NOT NULL AUTO_INCREMENT COMMENT '终端设备id',
  `name` varchar(32) DEFAULT NULL,
  `pdsn` varchar(64) CHARACTER SET latin1 NOT NULL,
  `status` tinyint(4) NOT NULL DEFAULT '1',
  `create_time` char(20) CHARACTER SET latin1 NOT NULL,
  `ip_address` varchar(32) DEFAULT NULL,
  `version` varchar(16) DEFAULT NULL,
  PRIMARY KEY (`id`),
  KEY `device_status` (`status`)
) ENGINE=InnoDB AUTO_INCREMENT=9 DEFAULT CHARSET=utf8 COMMENT='YueKong devices';
/*!40101 SET character_set_client = @saved_cs_client */;

--
-- Dumping data for table `device`
--

LOCK TABLES `device` WRITE;
/*!40000 ALTER TABLE `device` DISABLE KEYS */;
INSERT INTO `device` VALUES (8,'yk12345','P000000000000001',1,'2015-01-31 16:02:39','192.168.1.200',NULL);
/*!40000 ALTER TABLE `device` ENABLE KEYS */;
UNLOCK TABLES;

--
-- Table structure for table `device_validation`
--

DROP TABLE IF EXISTS `device_validation`;
/*!40101 SET @saved_cs_client     = @@character_set_client */;
/*!40101 SET character_set_client = utf8 */;
CREATE TABLE `device_validation` (
  `id` int(11) NOT NULL AUTO_INCREMENT,
  `pdsn` varchar(32) DEFAULT NULL,
  `password` varchar(64) DEFAULT NULL,
  PRIMARY KEY (`id`)
) ENGINE=InnoDB AUTO_INCREMENT=2 DEFAULT CHARSET=utf8;
/*!40101 SET character_set_client = @saved_cs_client */;

--
-- Dumping data for table `device_validation`
--

LOCK TABLES `device_validation` WRITE;
/*!40000 ALTER TABLE `device_validation` DISABLE KEYS */;
INSERT INTO `device_validation` VALUES (1,'P000000000000001','123456');
/*!40000 ALTER TABLE `device_validation` ENABLE KEYS */;
UNLOCK TABLES;

--
-- Table structure for table `mobile`
--

DROP TABLE IF EXISTS `mobile`;
/*!40101 SET @saved_cs_client     = @@character_set_client */;
/*!40101 SET character_set_client = utf8 */;
CREATE TABLE `mobile` (
  `id` int(11) NOT NULL AUTO_INCREMENT,
  `pdsn` varchar(32) NOT NULL,
  `pid` varchar(64) NOT NULL,
  `ssid` varchar(64) NOT NULL,
  `sskey` varchar(64) NOT NULL,
  `ip_address` varchar(32) NOT NULL,
  `mobile_number` varchar(11) NOT NULL,
  `app_version` varchar(50) NOT NULL,
  `device_version` varchar(50) NOT NULL,
  `status` tinyint(2) NOT NULL DEFAULT '1',
  `create_time` char(20) NOT NULL,
  PRIMARY KEY (`id`),
  KEY `deveice_id` (`pdsn`,`pid`)
) ENGINE=InnoDB AUTO_INCREMENT=2 DEFAULT CHARSET=utf8 COMMENT='the relationship between device and mobile';
/*!40101 SET character_set_client = @saved_cs_client */;

--
-- Dumping data for table `mobile`
--

LOCK TABLES `mobile` WRITE;
/*!40000 ALTER TABLE `mobile` DISABLE KEYS */;
INSERT INTO `mobile` VALUES (1,'P000000000000001','0123456789','wireless@home','strawmanbobic','192.168.1.201','18652006398','V1.0.0','V1.0.0',1,'2015-02-02 16:29:45');
/*!40000 ALTER TABLE `mobile` ENABLE KEYS */;
UNLOCK TABLES;
/*!40103 SET TIME_ZONE=@OLD_TIME_ZONE */;

/*!40101 SET SQL_MODE=@OLD_SQL_MODE */;
/*!40014 SET FOREIGN_KEY_CHECKS=@OLD_FOREIGN_KEY_CHECKS */;
/*!40014 SET UNIQUE_CHECKS=@OLD_UNIQUE_CHECKS */;
/*!40101 SET CHARACTER_SET_CLIENT=@OLD_CHARACTER_SET_CLIENT */;
/*!40101 SET CHARACTER_SET_RESULTS=@OLD_CHARACTER_SET_RESULTS */;
/*!40101 SET COLLATION_CONNECTION=@OLD_COLLATION_CONNECTION */;
/*!40111 SET SQL_NOTES=@OLD_SQL_NOTES */;

-- Dump completed on 2015-02-02 17:57:04
